[
  {
    "Id": "622b31b6-d1bd-43a3-8cdf-c2d6e6d28c7e",
    "Name": "sp_Blitz",
    "Description": "Diagnostic script: sp_Blitz.sql",
    "ScriptPath": "sp_Blitz.sql",
    "ExecutionParameters": "EXEC [dbo].[sqldba_sp_Blitz] @CheckUserDatabaseObjects = 1 , @CheckProcedureCache = 1 , @OutputType = \u0027TABLE\u0027 , @OutputProcedureCache = 0 , @CheckProcedureCacheFilter = NULL, @CheckServerInfo = 1, @OutputDatabaseName = \u0027master\u0027, @OutputSchemaName = \u0027dbo\u0027, @OutputTableName = \u0027sqldba_sp_Blitz_output\u0027, @BringThePain = 1;",
    "Enabled": true,
    "TimeoutSeconds": 300,
    "Category": "Diagnostic",
    "ExecutionOrder": 1,
    "ExportToCsv": true
  },
  {
    "Id": "ee906bd2-6bb0-4448-8829-e98adc904ae9",
    "Name": "SQLDBA.ORG.sp_triage",
    "Description": "Diagnostic script: SQLDBA.ORG.sp_triage.sql",
    "ScriptPath": "SQLDBA.ORG.sp_triage.sql",
    "ExecutionParameters": "EXEC  [dbo].[sp_triage\u00AE]",
    "Enabled": true,
    "TimeoutSeconds": 300,
    "Category": "Diagnostic",
    "ExecutionOrder": 99,
    "ExportToCsv": true
  },
  {
    "Id": "f17d3b2f-f801-48e0-b531-378c30d87fb1",
    "Name": "Check_BP_Servers",
    "Description": "Diagnostic script: Check_BP_Servers.sql",
    "ScriptPath": "Check_BP_Servers.sql",
    "ExecutionParameters": "EXEC msdb.dbo.usp_bpcheck @spn_check = 1, @gen_scripts = 1",
    "Enabled": false,
    "TimeoutSeconds": 300,
    "Category": "Diagnostic",
    "ExecutionOrder": 3,
    "ExportToCsv": true
  }
]