Priority,FindingsGroup,Finding,DatabaseName,URL,Details,QueryPlan,QueryPlanFiltered,CheckID
0,Outdated sp_Blitz,sp_Blitz is Over 6 Months Old,,http://FirstResponderKit.org/,"Some things get better with age, like fine wine and your T-SQL. However, sp_Blitz is not one of those things - time to go download the current one.",,,155
0,sp_Blitz Dec 28 2024 12:00AM,SQL Server First Responder Kit,,http://FirstResponderKit.org/,"To get help or add your own contributions, join us at http://FirstResponderKit.org.",,,-1
1,Backup,Backing Up to Same Drive Where Databases Reside,,https://www.brentozar.com/go/backup,"3540 backups done on drive C:\ in the last two weeks, where database files also live. This represents a serious risk if that array fails.",,,93
10,Performance,Plan Cache Erased Recently,,https://www.brentozar.com/askbrent/plan-cache-erased-recently/,"The oldest query in the plan cache was created at Jan 26 2026  9:58PM. Someone ran DBCC FREEPROCCACHE, restarted SQL Server, or it is under horrific memory pressure.",,,125
20,File Configuration,TempDB on C Drive,tempdb,https://www.brentozar.com/go/cdrive,"The tempdb database has files on the C drive.  TempDB frequently grows unpredictably, putting your server at risk of running out of C drive space and crashing hard.  C is also often much slower than other drives, so performance may be suffering.",,,25
20,Reliability,User Databases on C Drive,Capitec_PowerBI,https://www.brentozar.com/go/cdrive,The Capitec_PowerBI database has a file on the C drive.  Putting databases on the C drive runs the risk of crashing the server when it runs out of space.,,,26
20,Reliability,User Databases on C Drive,LXLCloudGateway,https://www.brentozar.com/go/cdrive,The LXLCloudGateway database has a file on the C drive.  Putting databases on the C drive runs the risk of crashing the server when it runs out of space.,,,26
20,Reliability,User Databases on C Drive,PBIReportServer,https://www.brentozar.com/go/cdrive,The PBIReportServer database has a file on the C drive.  Putting databases on the C drive runs the risk of crashing the server when it runs out of space.,,,26
20,Reliability,User Databases on C Drive,PBIReportServerTempDB,https://www.brentozar.com/go/cdrive,The PBIReportServerTempDB database has a file on the C drive.  Putting databases on the C drive runs the risk of crashing the server when it runs out of space.,,,26
20,Reliability,User Databases on C Drive,ReportServer,https://www.brentozar.com/go/cdrive,The ReportServer database has a file on the C drive.  Putting databases on the C drive runs the risk of crashing the server when it runs out of space.,,,26
20,Reliability,User Databases on C Drive,ReportServerTempDB,https://www.brentozar.com/go/cdrive,The ReportServerTempDB database has a file on the C drive.  Putting databases on the C drive runs the risk of crashing the server when it runs out of space.,,,26
20,Reliability,User Databases on C Drive,SQLDBA.ORG,https://www.brentozar.com/go/cdrive,The SQLDBA.ORG database has a file on the C drive.  Putting databases on the C drive runs the risk of crashing the server when it runs out of space.,,,26
50,Performance,Poison Wait Detected: CMEMTHREAD and NUMA,,https://www.brentozar.com/go/poison,"0:01:03:07 of this wait have been recorded. In servers with over 8 cores per NUMA node, when CMEMTHREAD waits are a bottleneck, trace flag 8048 may be needed.",,,162
50,Performance,Poison Wait Detected: THREADPOOL,,https://www.brentozar.com/go/poison/#THREADPOOL,0:02:33:36 of this wait have been recorded. This wait often indicates killer performance problems.,,,107
100,Performance,Indexes Disabled,SQLDBA.ORG,https://www.brentozar.com/go/ixoff,The index [SQLDBA.ORG].[dbo].[000_AllChecks_ConsultantTasks].[IX_01] is disabled.  This index is not actually helping performance and should either be enabled or removed.,,,47
100,Performance,Indexes Disabled,SQLDBA.ORG,https://www.brentozar.com/go/ixoff,The index [SQLDBA.ORG].[dbo].[000_AllChecks_ConsultantTasks].[IX_SQLDBA_2023_10_27_002] is disabled.  This index is not actually helping performance and should either be enabled or removed.,,,47
100,Performance,Indexes Disabled,SQLDBA.ORG,https://www.brentozar.com/go/ixoff,The index [SQLDBA.ORG].[dbo].[002_Databases].[IX_2022_05_06_3] is disabled.  This index is not actually helping performance and should either be enabled or removed.,,,47
100,Performance,Indexes Disabled,SQLDBA.ORG,https://www.brentozar.com/go/ixoff,The index [SQLDBA.ORG].[dbo].[002_Databases].[IX_2022_05_06_4] is disabled.  This index is not actually helping performance and should either be enabled or removed.,,,47
100,Performance,Indexes Disabled,SQLDBA.ORG,https://www.brentozar.com/go/ixoff,The index [SQLDBA.ORG].[dbo].[002_Databases].[IX_2022_05_06_7] is disabled.  This index is not actually helping performance and should either be enabled or removed.,,,47
100,Performance,Indexes Disabled,SQLDBA.ORG,https://www.brentozar.com/go/ixoff,The index [SQLDBA.ORG].[dbo].[002_Databases].[IX_2022_05_06_8] is disabled.  This index is not actually helping performance and should either be enabled or removed.,,,47
100,Performance,Indexes Disabled,SQLDBA.ORG,https://www.brentozar.com/go/ixoff,The index [SQLDBA.ORG].[dbo].[002_Databases].[IX_LEXEL_2022_06_09_002] is disabled.  This index is not actually helping performance and should either be enabled or removed.,,,47
100,Performance,Indexes Disabled,SQLDBA.ORG,https://www.brentozar.com/go/ixoff,The index [SQLDBA.ORG].[dbo].[002_Databases_Archive].[IX_2022_05_06_3] is disabled.  This index is not actually helping performance and should either be enabled or removed.,,,47
100,Performance,Indexes Disabled,SQLDBA.ORG,https://www.brentozar.com/go/ixoff,The index [SQLDBA.ORG].[dbo].[002_Databases_Archive].[IX_2022_05_06_4] is disabled.  This index is not actually helping performance and should either be enabled or removed.,,,47
100,Performance,Indexes Disabled,SQLDBA.ORG,https://www.brentozar.com/go/ixoff,The index [SQLDBA.ORG].[dbo].[002_Databases_Archive].[IX_2022_05_06_7] is disabled.  This index is not actually helping performance and should either be enabled or removed.,,,47
100,Performance,Indexes Disabled,SQLDBA.ORG,https://www.brentozar.com/go/ixoff,The index [SQLDBA.ORG].[dbo].[002_Databases_Archive].[IX_2022_05_06_8] is disabled.  This index is not actually helping performance and should either be enabled or removed.,,,47
100,Performance,Indexes Disabled,SQLDBA.ORG,https://www.brentozar.com/go/ixoff,The index [SQLDBA.ORG].[dbo].[003_Checks_ConsultantTasks].[IX_01] is disabled.  This index is not actually helping performance and should either be enabled or removed.,,,47
100,Performance,Indexes Disabled,SQLDBA.ORG,https://www.brentozar.com/go/ixoff,The index [SQLDBA.ORG].[dbo].[003_Checks_Cube_ServerLevel].[nci_wi_003_Checks_Cube_ServerLevel_121C83685D4E1EC958A0CA64CB61E90A] is disabled.  This index is not actually helping performance and should either be enabled or removed.,,,47
100,Performance,Indexes Disabled,SQLDBA.ORG,https://www.brentozar.com/go/ixoff,The index [SQLDBA.ORG].[dbo].[003_Checks_Cube_ServerLevel].[nci_wi_003_Checks_Cube_ServerLevel_7FF601E14EFA536B9B603009C0245A30] is disabled.  This index is not actually helping performance and should either be enabled or removed.,,,47
100,Performance,Indexes Disabled,SQLDBA.ORG,https://www.brentozar.com/go/ixoff,The index [SQLDBA.ORG].[dbo].[sqldba_live_archived].[IX_2022_02_12_001] is disabled.  This index is not actually helping performance and should either be enabled or removed.,,,47
100,Performance,Stored Procedure WITH RECOMPILE,SQLDBA.ORG,https://www.brentozar.com/go/recompile,"[SQLDBA.ORG].[dbo].[sp_triage®] has WITH RECOMPILE in the stored procedure code, which may cause increased CPU usage due to constant recompiles of the code.",,,78
150,Performance,Foreign Keys Not Trusted,PBIReportServer,https://www.brentozar.com/go/trust,"The [PBIReportServer] database has foreign keys that were probably disabled, data was changed, and then the key was enabled again.  Simply enabling the key is not enough for the optimizer to use this key - we have to alter the table using the WITH CHECK CHECK CONSTRAINT parameter.",,,48
150,Performance,Foreign Keys Not Trusted,PBIReportServerTempDB,https://www.brentozar.com/go/trust,"The [PBIReportServerTempDB] database has foreign keys that were probably disabled, data was changed, and then the key was enabled again.  Simply enabling the key is not enough for the optimizer to use this key - we have to alter the table using the WITH CHECK CHECK CONSTRAINT parameter.",,,48
150,Performance,Stats Updated Asynchronously,LXLCloudGateway,https://www.brentozar.com/go/asyncstats,"Database [LXLCloudGateway] has auto-update-stats-async enabled.  When SQL Server gets a query for a table with out-of-date statistics, it will run the query with the stats it has - while updating stats to make later queries better. The initial run of the query may suffer, though.",,,17
150,Performance,Triggers on Tables,PBIReportServer,https://www.brentozar.com/go/trig,The [PBIReportServer] database has 7 triggers.,,,32
170,File Configuration,System Database on C Drive,master,https://www.brentozar.com/go/cdrive,The master database has a file on the C drive.  Putting system databases on the C drive runs the risk of crashing the server when it runs out of space.,,,24
170,File Configuration,System Database on C Drive,model,https://www.brentozar.com/go/cdrive,The model database has a file on the C drive.  Putting system databases on the C drive runs the risk of crashing the server when it runs out of space.,,,24
170,File Configuration,System Database on C Drive,msdb,https://www.brentozar.com/go/cdrive,The msdb database has a file on the C drive.  Putting system databases on the C drive runs the risk of crashing the server when it runs out of space.,,,24
170,Reliability,Errors Logged Recently in the Default Trace,master,https://www.brentozar.com/go/defaulttrace,"2026-01-25 17:24:48.84 spid90      Error: 18052, Severity: -1, State: 0. (Params:). The error is printed in terse mode because there was error during formatting. Tracing, ETW, notifications etc are skipped.

2026-01-25 17:24:48.84 spid90      The client was unable to reuse a session with SPID 90, which had been reset for connection pooling. The failure ID is 29. This error may have been caused by an earlier operation failing. Check the error logs for failed operations immediately before this error message.
",,,150
170,Reliability,Errors Logged Recently in the Default Trace,master,https://www.brentozar.com/go/defaulttrace,"2026-01-25 17:27:15.62 spid86      Error: 18056, Severity: 20, State: 29.
2026-01-25 17:27:15.62 spid86      The client was unable to reuse a session with SPID 86, which had been reset for connection pooling. The failure ID is 29. This error may have been caused by an earlier operation failing. Check the error logs for failed operations immediately before this error message.
",,,150
170,Reliability,Errors Logged Recently in the Default Trace,master,https://www.brentozar.com/go/defaulttrace,"2026-01-25 17:39:02.32 spid99      Error: 18056, Severity: 20, State: 29.
2026-01-25 17:39:02.32 spid99      The client was unable to reuse a session with SPID 99, which had been reset for connection pooling. The failure ID is 29. This error may have been caused by an earlier operation failing. Check the error logs for failed operations immediately before this error message.
",,,150
170,Reliability,Errors Logged Recently in the Default Trace,master,https://www.brentozar.com/go/defaulttrace,"2026-01-25 17:43:17.83 spid117     Error: 18056, Severity: 20, State: 29.
2026-01-25 17:43:17.83 spid117     The client was unable to reuse a session with SPID 117, which had been reset for connection pooling. The failure ID is 29. This error may have been caused by an earlier operation failing. Check the error logs for failed operations immediately before this error message.
",,,150
170,Reliability,Errors Logged Recently in the Default Trace,master,https://www.brentozar.com/go/defaulttrace,"2026-01-25 17:43:27.97 spid103     Error: 18056, Severity: 20, State: 29.
2026-01-25 17:43:27.97 spid103     The client was unable to reuse a session with SPID 103, which had been reset for connection pooling. The failure ID is 29. This error may have been caused by an earlier operation failing. Check the error logs for failed operations immediately before this error message.
",,,150
170,Reliability,Errors Logged Recently in the Default Trace,master,https://www.brentozar.com/go/defaulttrace,"2026-01-25 17:43:27.97 spid119     Error: 18056, Severity: 20, State: 29.
2026-01-25 17:43:27.97 spid119     The client was unable to reuse a session with SPID 119, which had been reset for connection pooling. The failure ID is 29. This error may have been caused by an earlier operation failing. Check the error logs for failed operations immediately before this error message.
",,,150
200,Backup,MSDB Backup History Not Purged,msdb,https://www.brentozar.com/go/history,Database backup history retained back to Oct 26 2025  5:51PM,,,3
200,Informational,Agent Jobs Starting Simultaneously,,https://www.brentozar.com/go/busyagent/,"Multiple SQL Server Agent jobs are configured to start simultaneously. For detailed schedule listings, see the query in the URL.",,,123
200,Informational,Collation is Latin1_General_100_CI_AS_KS_WS,PBIReportServer,https://www.brentozar.com/go/collate,Collation differences between user databases and tempdb can cause conflicts especially when comparing string values,,,76
200,Informational,Collation is Latin1_General_100_CI_AS_KS_WS,PBIReportServerTempDB,https://www.brentozar.com/go/collate,Collation differences between user databases and tempdb can cause conflicts especially when comparing string values,,,76
200,Informational,Collation is Latin1_General_CI_AS,Capitec_PowerBI,https://www.brentozar.com/go/collate,Collation differences between user databases and tempdb can cause conflicts especially when comparing string values,,,76
200,Informational,Collation is Latin1_General_CI_AS,LXLCloudGateway,https://www.brentozar.com/go/collate,Collation differences between user databases and tempdb can cause conflicts especially when comparing string values,,,76
200,Informational,Tables in the Master Database,master,https://www.brentozar.com/go/mastuser,The DBA_SYS_DATABASE_FILES table in the master database was created by end users on Jul 10 2025  1:25PM. Tables in the master database may not be restored in the event of a disaster.,,,27
200,Informational,Tables in the Master Database,master,https://www.brentozar.com/go/mastuser,The DBA_SYS_DATABASES table in the master database was created by end users on Jul 10 2025  1:25PM. Tables in the master database may not be restored in the event of a disaster.,,,27
200,Informational,Tables in the Master Database,master,https://www.brentozar.com/go/mastuser,The DBA_SYS_TRACEFLAGS table in the master database was created by end users on Jul 10 2025  1:25PM. Tables in the master database may not be restored in the event of a disaster.,,,27
200,Informational,Tables in the Master Database,master,https://www.brentozar.com/go/mastuser,The sqldba_sp_Blitz_output table in the master database was created by end users on Oct 30 2025 10:18AM. Tables in the master database may not be restored in the event of a disaster.,,,27
200,Informational,Tables in the Master Database,master,https://www.brentozar.com/go/mastuser,The sqldba_sp_triage®_output table in the master database was created by end users on Oct 30 2025 10:22AM. Tables in the master database may not be restored in the event of a disaster.,,,27
200,Informational,Tables in the Master Database,master,https://www.brentozar.com/go/mastuser,The sqldba_stpSecurity_Checklist_Table table in the master database was created by end users on Nov 18 2025  9:10AM. Tables in the master database may not be restored in the event of a disaster.,,,27
200,Licensing,Non-Production License,,https://www.brentozar.com/go/licensing,"We're not the licensing police, but if this is supposed to be a production server, and you're running Developer Edition (64-bit) the good folks at Microsoft might get upset with you. Better start counting those cores.",,,173
200,Monitoring,Alerts Configured without Follow Up,,https://www.brentozar.com/go/alert,"SQL Server Agent alerts have been configured but they either do not notify anyone or else they do not take any action.  This is a free, easy way to get notified of corruption, job failures, or major outages even before monitoring systems pick it up.",,,59
200,Non-Default Server Config,Agent XPs,,https://www.brentozar.com/go/conf,This sp_configure option has been changed.  Its default value is 0 and it has been set to 1.,,,1071
200,Non-Default Server Config,backup checksum default,,https://www.brentozar.com/go/conf,This sp_configure option has been changed.  Its default value is 0 and it has been set to 1.,,,1070
200,Non-Default Server Config,backup compression default,,https://www.brentozar.com/go/conf,This sp_configure option has been changed.  Its default value is 0 and it has been set to 1.,,,1073
200,Non-Default Server Config,contained database authentication,,https://www.brentozar.com/go/conf,This sp_configure option has been changed.  Its default value is 0 and it has been set to 1.,,,1068
200,Non-Default Server Config,cost threshold for parallelism,,https://www.brentozar.com/go/conf,This sp_configure option has been changed.  Its default value is 5 and it has been set to 50.,,,1012
200,Non-Default Server Config,Database Mail XPs,,https://www.brentozar.com/go/conf,This sp_configure option has been changed.  Its default value is 0 and it has been set to 1.,,,1072
200,Non-Default Server Config,max degree of parallelism,,https://www.brentozar.com/go/conf,This sp_configure option has been changed.  Its default value is 0 and it has been set to 11.,,,1029
200,Non-Default Server Config,max server memory (MB),,https://www.brentozar.com/go/conf,This sp_configure option has been changed.  Its default value is 2147483647 and it has been set to 3276.,,,1031
200,Non-Default Server Config,max text repl size (B),,https://www.brentozar.com/go/conf,This sp_configure option has been changed.  Its default value is 65536 and it has been set to -1.,,,1032
200,Non-Default Server Config,Ole Automation Procedures,,https://www.brentozar.com/go/conf,This sp_configure option has been changed.  Its default value is 0 and it has been set to 1.,,,1039
200,Non-Default Server Config,optimize for ad hoc workloads,,https://www.brentozar.com/go/conf,This sp_configure option has been changed.  Its default value is 0 and it has been set to 1.,,,1041
200,Non-Default Server Config,recovery interval (min),,https://www.brentozar.com/go/conf,This sp_configure option has been changed.  Its default value is 0 and it has been set to 1.,,,1047
200,Non-Default Server Config,remote admin connections,,https://www.brentozar.com/go/conf,This sp_configure option has been changed.  Its default value is 0 and it has been set to 1.,,,1049
200,Non-Default Server Config,xp_cmdshell,,https://www.brentozar.com/go/conf,This sp_configure option has been changed.  Its default value is 0 and it has been set to 1.,,,1065
200,Performance,SSAS/SSIS/SSRS Installed,,https://www.BrentOzar.com/go/services,Did you know you have other SQL Server services installed on this box other than the engine? It can be a real performance pain.,,,224
210,Non-Default Database Config,Auto Create Stats Incremental Enabled,LXLCloudGateway,https://www.brentozar.com/go/dbdefaults,This database setting is not the default.,,,134
210,Non-Default Database Config,Broker Enabled,PBIReportServer,https://www.brentozar.com/go/dbdefaults,This database setting is not the default.,,,230
210,Non-Default Database Config,Broker Enabled,PBIReportServerTempDB,https://www.brentozar.com/go/dbdefaults,This database setting is not the default.,,,230
210,Non-Default Database Config,Containment Enabled,SQLDBA.ORG,https://www.brentozar.com/go/dbdefaults,This database setting is not the default.,,,141
210,Non-Default Database Config,Forced Parameterization Enabled,SQLDBA.ORG,https://www.brentozar.com/go/dbdefaults,This database setting is not the default.,,,138
210,Non-Default Database Config,Read Committed Snapshot Isolation Enabled,SQLDBA.ORG,https://www.brentozar.com/go/dbdefaults,This database setting is not the default.,,,133
210,Non-Default Database Config,Snapshot Isolation Enabled,SQLDBA.ORG,https://www.brentozar.com/go/dbdefaults,This database setting is not the default.,,,132
210,Non-Default Database Scoped Config,MAXDOP,SQLDBA.ORG,https://www.brentozar.com/go/dbscope,Set value: 10 Default: 0 Set value for secondary: Empty Default value for secondary: Empty,,,194
230,Security,Database Owner <> sa,Capitec_PowerBI,https://www.brentozar.com/go/owndb,Database name: Capitec_PowerBI   Owner name: MSI\afsul,,,55
230,Security,Database Owner <> sa,LXLCloudGateway,https://www.brentozar.com/go/owndb,Database name: LXLCloudGateway   Owner name: MSI\afsul,,,55
230,Security,Database Owner <> sa,PBIReportServer,https://www.brentozar.com/go/owndb,Database name: PBIReportServer   Owner name: MSI\afsul,,,55
230,Security,Database Owner <> sa,PBIReportServerTempDB,https://www.brentozar.com/go/owndb,Database name: PBIReportServerTempDB   Owner name: MSI\afsul,,,55
230,Security,Database Owner <> sa,ReportServer,https://www.brentozar.com/go/owndb,Database name: ReportServer   Owner name: MSI\afsul,,,55
230,Security,Database Owner <> sa,ReportServerTempDB,https://www.brentozar.com/go/owndb,Database name: ReportServerTempDB   Owner name: MSI\afsul,,,55
230,Security,Database Owner <> sa,SQLDBA.ORG,https://www.brentozar.com/go/owndb,Database name: SQLDBA.ORG   Owner name: MSI\afsul,,,55
230,Security,Elevated Permissions on a Database,LXLCloudGateway,https://www.brentozar.com/go/elevated,"In [LXLCloudGateway], user [LEXEL\pbi.admin]  has the role [db_owner].  This user can perform tasks beyond just reading and writing data.",,,86
230,Security,Elevated Permissions on a Database,msdb,https://www.brentozar.com/go/elevated,"In [msdb], user [NT Service\SQLSERVERAGENT]  has the role [db_owner].  This user can perform tasks beyond just reading and writing data.",,,86
230,Security,Elevated Permissions on a Database,PBIReportServer,https://www.brentozar.com/go/elevated,"In [PBIReportServer], user [RSExecRole]  has the role [db_owner].  This user can perform tasks beyond just reading and writing data.",,,86
230,Security,Elevated Permissions on a Database,PBIReportServerTempDB,https://www.brentozar.com/go/elevated,"In [PBIReportServerTempDB], user [RSExecRole]  has the role [db_owner].  This user can perform tasks beyond just reading and writing data.",,,86
230,Security,Elevated Permissions on a Database,ReportServer,https://www.brentozar.com/go/elevated,"In [ReportServer], user [RSExecRole]  has the role [db_owner].  This user can perform tasks beyond just reading and writing data.",,,86
230,Security,Elevated Permissions on a Database,ReportServerTempDB,https://www.brentozar.com/go/elevated,"In [ReportServerTempDB], user [RSExecRole]  has the role [db_owner].  This user can perform tasks beyond just reading and writing data.",,,86
230,Security,Sysadmins,,https://www.brentozar.com/go/sa,"Login [MSI\afsul] is a sysadmin - meaning they can do absolutely anything in SQL Server, including dropping databases or hiding their tracks.",,,4
250,Informational,SQL Server Agent is running under an NT Service account,,https://www.brentozar.com/go/setup,I'm running as NT Service\SQLSERVERAGENT.,,,170
250,Informational,SQL Server is running under an NT Service account,,https://www.brentozar.com/go/setup,I'm running as NT Service\MSSQLSERVER.,,,169
250,Server Info,Azure Managed Instance,,https://www.BrentOzar.com/go/azurevm,"cpu_rate: 2200, memory_limit_mb: 17592186044415, process_memory_limit_mb: 0, workingset_limit_mb: 0",,,222
250,Server Info,Data Size,,,"7 databases, 23.13 GB total file size",,,232
250,Server Info,Default Trace Contents,,https://www.brentozar.com/go/trace,The default trace holds 159 hours of data between Jan 20 2026  6:13AM and Jan 26 2026  9:59PM. The default trace files are located in: C:\Program Files\Microsoft SQL Server\MSSQL16.MSSQLSERVER\MSSQL\Log,,,106
250,Server Info,Drive C Space,,,"968.92 GB free on C drive (Windows) out of 1,881.61 GB total (48.51% used)",,,92
250,Server Info,Hardware,,,Logical processors: 22. Physical memory: 31GB.,,,84
250,Server Info,Hardware - Memory Counters,,https://www.brentozar.com/go/target,Target Server Memory (GB): 0.7 Total Server Memory (GB): 0.7,,,266
250,Server Info,Hardware - NUMA Config,,,Node: 0 State: ONLINE Online schedulers: 11 Offline schedulers: 0 Processor Group: 0 Memory node: 0 Memory VAS Reserved GB: 41,,,114
250,Server Info,Hardware - NUMA Config,,,Node: 1 State: ONLINE Online schedulers: 11 Offline schedulers: 0 Processor Group: 0 Memory node: 0 Memory VAS Reserved GB: 41,,,114
250,Server Info,Instant File Initialization Enabled,,https://www.brentozar.com/go/instant,The service account has the Perform Volume Maintenance Tasks permission.,,,193
250,Server Info,Operating System Version,,https://en.wikipedia.org/wiki/List_of_Microsoft_Windows_versions,"You're running Windows 10 Home, version 10.0",,,172
250,Server Info,Power Plan,,https://www.brentozar.com/blitz/power-mode/,"Your server has 3.07GHz CPUs, and is in balanced power mode -- Uh... you want your CPUs to run at full speed, right?",,,211
250,Server Info,Server Last Restart,,,Jan 20 2026  9:49AM,,,91
250,Server Info,Server Name,,https://www.brentozar.com/go/servername,MSI,,,130
250,Server Info,Services,,,"Service: SQL Full-text Filter Daemon Launcher (MSSQLSERVER) runs under service account NT Service\MSSQLFDLauncher. Last startup time: not shown.. Startup type: Manual, currently Running.",,,83
250,Server Info,Services,,,"Service: SQL Server (MSSQLSERVER) runs under service account NT Service\MSSQLSERVER. Last startup time: Jan 22 2026  7:22AM. Startup type: Automatic, currently Running.",,,83
250,Server Info,Services,,,"Service: SQL Server Agent (MSSQLSERVER) runs under service account NT Service\SQLSERVERAGENT. Last startup time: not shown.. Startup type: Automatic, currently Running.",,,83
250,Server Info,SQL Server Last Restart,,,Jan 22 2026  7:22AM,,,88
250,Server Info,SQL Server Service,,,Version: 16.0.4230.2. Patch Level: RTM. Cumulative Update: CU22. Edition: Developer Edition (64-bit). Availability Groups Enabled: 0. Availability Groups Manager Status: 1,,,85
250,Server Info,Virtual Server,,https://www.brentozar.com/go/virtual,Type: (HYPERVISOR),,,103
254,Rundate,Jan 26 2026  9:59PM,,http://FirstResponderKit.org/,Captain's log: stardate something and something...,,,156
255,Thanks!,From Your Community Volunteers,,http://FirstResponderKit.org,We hope you found this tool useful.,,,-1
