﻿<?xml version="1.0" encoding="utf-8"?>
<Package xmlns="http://www.microsoft.com/sql/slp/Package.xsd">	
	<!-- Define product feature structure in UI -->
	<FeatureTree>		
		<ProductFeature Id="SQLEngine" KeyFeature="SQL_Engine" Alias="SQL" MultiInstance="true" RegistryPath="SOFTWARE\Microsoft\Microsoft SQL Server\[MSSQL.X]\Setup" RegistryPathRoot="SOFTWARE\Microsoft\Microsoft SQL Server\[MSSQL.X]" Version="SQL2005" NameResourceId="IDS_ProductFeature_NAME_SQLENGINE" DescriptionResourceId="IDS_ProductFeature_DESC_SQLENGINE" >
			<ProductFeature Id="DataFiles" KeyFeature="SQL_ENGINE_DB" Alias="SQL" MultiInstance="true" RegistryPath="SOFTWARE\Microsoft\Microsoft SQL Server\[MSSQL.X]\Setup" RegistryPathRoot="SOFTWARE\Microsoft\Microsoft SQL Server\[MSSQL.X]" Version="SQL2005" NameResourceId="IDS_ProductFeature_NAME_DATAFILES" DescriptionResourceId="IDS_ProductFeature_DESC_DATAFILES" />
			<ProductFeature Id="Replication" KeyFeature="SQL_Replication" Alias="SQL" MultiInstance="true" RegistryPath="SOFTWARE\Microsoft\Microsoft SQL Server\[MSSQL.X]\Setup" RegistryPathRoot="SOFTWARE\Microsoft\Microsoft SQL Server\[MSSQL.X]" Version="SQL2005" ExcludeFromSku="expr" NameResourceId="IDS_ProductFeature_NAME_REPLICATION" DescriptionResourceId="IDS_ProductFeature_REPLICATION" />
			<ProductFeature Id="FullText" KeyFeature="SQL_FullText" Alias="SQL" MultiInstance="true" RegistryPath="SOFTWARE\Microsoft\Microsoft SQL Server\[MSSQL.X]\Setup" RegistryPathRoot="SOFTWARE\Microsoft\Microsoft SQL Server\[MSSQL.X]" Version="SQL2005" NameResourceId="IDS_ProductFeature_NAME_FULLTEXT" DescriptionResourceId="IDS_ProductFeature_FULLTEXT" />
			<ProductFeature Id="SharedTools" KeyFeature="SQL_SharedTools" Alias="SQL" MultiInstance="true" RegistryPath="SOFTWARE\Microsoft\Microsoft SQL Server\[MSSQL.X]\Setup" RegistryPathRoot="SOFTWARE\Microsoft\Microsoft SQL Server\[MSSQL.X]" Version="SQL2005" NameResourceId="IDS_ProductFeature_NAME_SHAREDTOOLS" DescriptionResourceId="IDS_ProductFeature_SHAREDTOOLS" />
		</ProductFeature>
		<ProductFeature Id="AS" KeyFeature="Analysis_Server" MultiInstance="true" Alias="OLAP" RegistryPath="SOFTWARE\Microsoft\Microsoft SQL Server\[MSSQL.X]\Setup" RegistryPathRoot="SOFTWARE\Microsoft\Microsoft SQL Server\[MSSQL.X]" Version="SQL2005" NameResourceId="IDS_ProductFeature_NAME_AS=" DescriptionResourceId="IDS_ProductFeature_DESC_AS" >
		</ProductFeature>
		<ProductFeature Id="RS" KeyFeature="RS_Server" MultiInstance="true" Alias ="RS" RegistryPath="SOFTWARE\Microsoft\Microsoft SQL Server\[MSSQL.X]\Setup"  RegistryPathRoot="SOFTWARE\Microsoft\Microsoft SQL Server\[MSSQL.X]" Version="SQL2005" NameResourceId="IDS_ProductFeature_NAME_RS" DescriptionResourceId="IDS_ProductFeature_DESC_RS" >
		</ProductFeature>
		<ProductFeature Id="DTS" KeyFeature="SQL_DTS" MultiInstance="false" Alias ="DTS" RegistryPath="SOFTWARE\Microsoft\Microsoft SQL Server\[MajorVersion]\DTS\Setup" RegistryPathRoot="SOFTWARE\Microsoft\Microsoft SQL Server\[MajorVersion]\DTS" Version="SQL2005" NameResourceId="IDS_ProductFeature_NAME_IS" DescriptionResourceId="IDS_ProductFeature_DESC_IS" >
		</ProductFeature>
		<ProductFeature Id="Tools" KeyFeature="Client_Components" MultiInstance="false" RegistryPath="SOFTWARE\Microsoft\Microsoft SQL Server\[MajorVersion]\Tools\Setup" RegistryPathRoot="SOFTWARE\Microsoft\Microsoft SQL Server\[MajorVersion]\Tools" Version="SQL2005" NameResourceId="IDS_ProductFeature_NAME_TOOLSCLIENT" DescriptionResourceId="IDS_ProductFeature_DESC_TOOLS" >
			<ProductFeature Id="ToolsClient" KeyFeature="Client_Components" MultiInstance="false" RegistryPath="SOFTWARE\Microsoft\Microsoft SQL Server\[MajorVersion]\Tools\Setup" RegistryPathRoot="SOFTWARE\Microsoft\Microsoft SQL Server\[MajorVersion]\Tools" Version="SQL2005" NameResourceId="IDS_ProductFeature_NAME_TOOLSCLIENT" DescriptionResourceId="IDS_ProductFeature_DESC_TOOLSCLIENT" >
				<ProductFeature Id="Connectivity" KeyFeature="Connectivity" MultiInstance="false" RegistryPath="SOFTWARE\Microsoft\Microsoft SQL Server\[MajorVersion]\Tools\Setup" RegistryPathRoot="SOFTWARE\Microsoft\Microsoft SQL Server\[MajorVersion]\Tools" Version="SQL2005" NameResourceId="IDS_ProductFeature_NAME_CONNECTIVITY" DescriptionResourceId="IDS_ProductFeature_DESC_CONNECTIVITY" />
			</ProductFeature>
			<ProductFeature Id="ToolsDocument" KeyFeature="SQL_Documentation" MultiInstance="false" RegistryPath="SOFTWARE\Microsoft\Microsoft SQL Server\[MajorVersion]\Tools\Setup" RegistryPathRoot="SOFTWARE\Microsoft\Microsoft SQL Server\[MajorVersion]\Tools" Version="SQL2005" ExcludeFromSku="expr" NameResourceId="IDS_ProductFeature_NAME_TOOLSDOCUMENT" DescriptionResourceId="IDS_ProductFeature_DESC_TOOLSDOCUMENT" >
				<ProductFeature Id="BOL" KeyFeature="SQL_BooksOnline" MultiInstance="false" RegistryPath="SOFTWARE\Microsoft\Microsoft SQL Server\[MajorVersion]\Tools\Setup" RegistryPathRoot="SOFTWARE\Microsoft\Microsoft SQL Server\[MajorVersion]\Tools" Version="SQL2005" NameResourceId="IDS_ProductFeature_NAME_BOL" DescriptionResourceId="IDS_ProductFeature_DESC_BOL" />
				<ProductFeature Id="Samples" KeyFeature="SQL_Samples" MultiInstance="false" RegistryPath="SOFTWARE\Microsoft\Microsoft SQL Server\[MajorVersion]\Tools\Setup" RegistryPathRoot="SOFTWARE\Microsoft\Microsoft SQL Server\[MajorVersion]\Tools" Version="SQL2005" NameResourceId="IDS_ProductFeature_NAME_SAMPLES" DescriptionResourceId="IDS_ProductFeature_DESC_SAMPLES" />
			</ProductFeature>
		</ProductFeature>
		<ProductFeature Id="NS" KeyFeature="Notification_Services" MultiInstance="false" Alias ="NS" RegistryPath="SOFTWARE\Microsoft\Microsoft SQL Server\[MajorVersion]\NS\Setup" RegistryPathRoot="SOFTWARE\Microsoft\Microsoft SQL Server\[MajorVersion]\NS" Version="SQL2005" NameResourceId="IDS_ProductFeature_NAME_NS" DescriptionResourceId="IDS_ProductFeature_DESC_NS" >
		</ProductFeature>
	</FeatureTree>	

</Package>
