﻿<?xml version="1.0" encoding="utf-8"?>
<Package xmlns="http://www.microsoft.com/sql/slp/Package.xsd">	
	<!-- Define product feature structure in UI -->
	<FeatureTree>
		<!--
				Attribute Definitions:
				KeyFeature - specifies the associated MSI feature that will be used by SQLDiscover to determine
											the state of a ProductFeature such as Installed, NotInstalled, Patched and etc.        

				NameResourceId - specifies the name of ProductFeature that is shown in UI.

				DescriptionResourceId - specifies the description
		RegistryPathRoot           
		-->
		<ProductFeature Id="SQLEngine" KeyFeature="SQL_Engine_Core_Inst" Alias="SQL" MultiInstance="true" RegistryPath="SOFTWARE\Microsoft\Microsoft SQL Server\[MSSQL.X]\Setup\SQL_Engine_Core_Inst" RegistryPathRoot="SOFTWARE\Microsoft\Microsoft SQL Server\[MSSQL.X]" Version="SQL2008" NameResourceId="IDS_ProductFeature_NAME_SQLENGINE" DescriptionResourceId="IDS_ProductFeature_DESC_SQLENGINE" >
			<ProductFeature Id="Replication" KeyFeature="SQL_Replication_Core_Inst" Alias="SQL" MultiInstance="true" RegistryPath="SOFTWARE\Microsoft\Microsoft SQL Server\[MSSQL.X]\Setup\SQL_Engine_Core_Inst" RegistryPathRoot="SOFTWARE\Microsoft\Microsoft SQL Server\[MSSQL.X]" Version="SQL2008" ExcludeFromSku="expr" NameResourceId="IDS_ProductFeature_NAME_REPLICATION" DescriptionResourceId="IDS_ProductFeature_REPLICATION" />
			<ProductFeature Id="FullText" KeyFeature="SQL_FullText_Adv" Alias="SQL" MultiInstance="true" RegistryPath="SOFTWARE\Microsoft\Microsoft SQL Server\[MSSQL.X]\Setup\SQL_FullText_Adv" RegistryPathRoot="SOFTWARE\Microsoft\Microsoft SQL Server\[MSSQL.X]" Version="SQL2008" NameResourceId="IDS_ProductFeature_NAME_FULLTEXT" DescriptionResourceId="IDS_ProductFeature_FULLTEXT" />
		</ProductFeature>
		<ProductFeature Id="Tools" KeyFeature="Client_Components" MultiInstance="false" RegistryPath="SOFTWARE\Microsoft\Microsoft SQL Server\[MajorVersion]\Tools\Setup" RegistryPathRoot="SOFTWARE\Microsoft\Microsoft SQL Server\[MajorVersion]\Tools" Version="SQL2008" NameResourceId="IDS_ProductFeature_NAME_TOOLSCLIENT" DescriptionResourceId="IDS_ProductFeature_DESC_TOOLS" >
			<ProductFeature Id="ToolsClient" KeyFeature="Client_Components" MultiInstance="false" RegistryPath="SOFTWARE\Microsoft\Microsoft SQL Server\[MajorVersion]\Tools\Setup" RegistryPathRoot="SOFTWARE\Microsoft\Microsoft SQL Server\[MajorVersion]\Tools" Version="SQL2008" NameResourceId="IDS_ProductFeature_NAME_TOOLSCLIENT" DescriptionResourceId="IDS_ProductFeature_DESC_TOOLSCLIENT" >
				<ProductFeature Id="Connectivity" KeyFeature="Connectivity" MultiInstance="false" RegistryPath="SOFTWARE\Microsoft\Microsoft SQL Server\[MajorVersion]\Tools\Setup" RegistryPathRoot="SOFTWARE\Microsoft\Microsoft SQL Server\[MajorVersion]\Tools" Version="SQL2008" NameResourceId="IDS_ProductFeature_NAME_CONNECTIVITY" DescriptionResourceId="IDS_ProductFeature_DESC_CONNECTIVITY" />
			</ProductFeature>
			<ProductFeature Id="ToolsDocument" KeyFeature="SQL_Documentation" MultiInstance="false" RegistryPath="SOFTWARE\Microsoft\Microsoft SQL Server\[MajorVersion]\Tools\Setup" RegistryPathRoot="SOFTWARE\Microsoft\Microsoft SQL Server\[MajorVersion]\Tools" Version="SQL2008" ExcludeFromSku="expr" NameResourceId="IDS_ProductFeature_NAME_TOOLSDOCUMENT" DescriptionResourceId="IDS_ProductFeature_DESC_TOOLSDOCUMENT" >
				<ProductFeature Id="BOL" KeyFeature="SQL_BooksOnline" MultiInstance="false" RegistryPath="SOFTWARE\Microsoft\Microsoft SQL Server\[MajorVersion]\Tools\Setup" RegistryPathRoot="SOFTWARE\Microsoft\Microsoft SQL Server\[MajorVersion]\Tools" Version="SQL2008" NameResourceId="IDS_ProductFeature_NAME_BOL" DescriptionResourceId="IDS_ProductFeature_DESC_BOL" />
				<ProductFeature Id="Samples" KeyFeature="SQL_Samples" MultiInstance="false" RegistryPath="SOFTWARE\Microsoft\Microsoft SQL Server\[MajorVersion]\Tools\Setup" RegistryPathRoot="SOFTWARE\Microsoft\Microsoft SQL Server\[MajorVersion]\Tools" Version="SQL2008" NameResourceId="IDS_ProductFeature_NAME_SAMPLES" DescriptionResourceId="IDS_ProductFeature_DESC_SAMPLES" />
			</ProductFeature>
		</ProductFeature>
		<ProductFeature Id="SSMS" KeyFeature="SQL_SSMS_Adv" MultiInstance="false" RegistryPath="SOFTWARE\Microsoft\Microsoft SQL Server\[MajorVersion]\Tools\Setup\SQL_SSMS_Adv" RegistryPathRoot="SOFTWARE\Microsoft\Microsoft SQL Server\[MajorVersion]\Tools" Version="SQL2008" NameResourceId="IDS_ProductFeature_NAME_TOOLSCLIENT" DescriptionResourceId="IDS_ProductFeature_DESC_TOOLS" />
		<ProductFeature Id="Adv_SSMS" KeyFeature="SQL_SSMS_Full" MultiInstance="false" RegistryPath="SOFTWARE\Microsoft\Microsoft SQL Server\[MajorVersion]\Tools\Setup\Client_Components_Full" RegistryPathRoot="SOFTWARE\Microsoft\Microsoft SQL Server\[MajorVersion]\Tools" Version="SQL2008" NameResourceId="IDS_ProductFeature_NAME_TOOLSCLIENT" DescriptionResourceId="IDS_ProductFeature_DESC_TOOLS" />
		<ProductFeature Id="Conn" KeyFeature="Connectivity_Full" MultiInstance="false" RegistryPath="SOFTWARE\Microsoft\Microsoft SQL Server\[MajorVersion]\Tools\Setup\Client_Components_Full" RegistryPathRoot="SOFTWARE\Microsoft\Microsoft SQL Server\[MajorVersion]\Tools" Version="SQL2008" NameResourceId="IDS_ProductFeature_NAME_TOOLSCLIENT" DescriptionResourceId="IDS_ProductFeature_DESC_TOOLS" />
		<ProductFeature Id="BC" KeyFeature="Tools_Legacy_Full" MultiInstance="false" RegistryPath="SOFTWARE\Microsoft\Microsoft SQL Server\[MajorVersion]\Tools\Setup\Client_Components_Full" RegistryPathRoot="SOFTWARE\Microsoft\Microsoft SQL Server\[MajorVersion]\Tools" Version="SQL2008" NameResourceId="IDS_ProductFeature_NAME_TOOLSCLIENT" DescriptionResourceId="IDS_ProductFeature_DESC_TOOLS" />
		<ProductFeature Id="SDK" KeyFeature="SDK_Full" MultiInstance="false" RegistryPath="SOFTWARE\Microsoft\Microsoft SQL Server\[MajorVersion]\Tools\Setup\Client_Components_Full" RegistryPathRoot="SOFTWARE\Microsoft\Microsoft SQL Server\[MajorVersion]\Tools" Version="SQL2008" NameResourceId="IDS_ProductFeature_NAME_TOOLSCLIENT" DescriptionResourceId="IDS_ProductFeature_DESC_TOOLS"/>
		<ProductFeature Id="BIDS" KeyFeature="SQL_BIDS_Adv" MultiInstance="false" RegistryPath="SOFTWARE\Microsoft\Microsoft SQL Server\[MajorVersion]\BIDS\Setup\SQL_BIDS_Full" RegistryPathRoot="SOFTWARE\Microsoft\Microsoft SQL Server\[MajorVersion]\BIDS" Version="SQL2008" NameResourceId="IDS_ProductFeature_NAME_TOOLSCLIENT" DescriptionResourceId="IDS_ProductFeature_DESC_TOOLS" />
		<ProductFeature Id="AS" KeyFeature="Analysis_Server_Full" MultiInstance="true" Alias="OLAP" RegistryPath="SOFTWARE\Microsoft\Microsoft SQL Server\[MSSQL.X]\Setup\Analysis_Server_Full" RegistryPathRoot="SOFTWARE\Microsoft\Microsoft SQL Server\[MSSQL.X]" Version="SQL2008" NameResourceId="IDS_ProductFeature_NAME_AS" DescriptionResourceId="IDS_ProductFeature_DESC_AS" />
		<ProductFeature Id="RS" KeyFeature="RS_Server_Adv" MultiInstance="true" Alias ="RS" RegistryPath="SOFTWARE\Microsoft\Microsoft SQL Server\[MSSQL.X]\Setup\RS_Server_Adv" RegistryPathRoot="SOFTWARE\Microsoft\Microsoft SQL Server\[MSSQL.X]" Version="SQL2008" NameResourceId="IDS_ProductFeature_NAME_RS" DescriptionResourceId="IDS_ProductFeature_DESC_RS" />
		<ProductFeature Id="IS" KeyFeature="SQL_DTS_Full" MultiInstance="false" Alias ="DTS" RegistryPath="SOFTWARE\Microsoft\Microsoft SQL Server\[MajorVersion]\DTS\Setup\SQL_DTS_Full" RegistryPathRoot="SOFTWARE\Microsoft\Microsoft SQL Server\[MajorVersion]\DTS" Version="SQL2008" NameResourceId="IDS_ProductFeature_NAME_IS" DescriptionResourceId="IDS_ProductFeature_DESC_IS" />
	</FeatureTree>	

</Package>
