<?xml version="1.0" encoding="utf-8"?>
<ArrayOfProductRegistryInfo xmlns:xsi="http://www.w3.org/2001/XMLSchema-instance" xmlns:xsd="http://www.w3.org/2001/XMLSchema">
  <ProductRegistryInfo>
    <Id>SQL2016</Id>
    <Name>Microsoft SQL Server 2016</Name>
    <Version>13</Version>
    <RegistryPath>SOFTWARE\Microsoft\Windows\CurrentVersion\Uninstall\Microsoft SQL Server 13</RegistryPath>
  </ProductRegistryInfo>
  <ProductRegistryInfo>
    <Id>SQL2014</Id>
    <Name>Microsoft SQL Server 2014</Name>
    <Version>12</Version>
    <RegistryPath>SOFTWARE\Microsoft\Windows\CurrentVersion\Uninstall\Microsoft SQL Server 12</RegistryPath>
  </ProductRegistryInfo>
  <ProductRegistryInfo>
    <Id>SQL2012</Id>
    <Name>Microsoft SQL Server 2012</Name>
    <Version>11</Version>
    <RegistryPath>SOFTWARE\Microsoft\Windows\CurrentVersion\Uninstall\Microsoft SQL Server 11</RegistryPath>
  </ProductRegistryInfo>
  <ProductRegistryInfo>
    <Id>SQL2008</Id>
    <Name>Microsoft SQL Server 2008</Name>
    <Version>10</Version>
    <RegistryPath>SOFTWARE\Microsoft\Windows\CurrentVersion\Uninstall\Microsoft SQL Server 10</RegistryPath>
  </ProductRegistryInfo>
  <ProductRegistryInfo>
    <Id>SQL2005</Id>
    <Name>Microsoft SQL Server 2005</Name>
    <Version>9</Version>
    <RegistryPath>SOFTWARE\Microsoft\Windows\CurrentVersion\Uninstall\Microsoft SQL Server 2005</RegistryPath>
  </ProductRegistryInfo>
</ArrayOfProductRegistryInfo>