﻿<?xml version="1.0" encoding="utf-8" ?>
<RuleMetadataStore>
  <RuleMetadataCollection advisorType="DacFxExport">
    <RuleMetadata>
      <RuleId>46010</RuleId>
      <DisplayName>DF46010 --some detailed rules exists in DMA</DisplayName>
      <Title>One or more objects contain statements that are not supported in Azure SQL Database</Title>
      <Impact>While assessing the schema on the source database, one or more syntax issues were found. Syntax issues on the source database indicate that some objects contain syntax that is unsupported in Azure SQL Database.</Impact>
      <Recommendation>Note that some of these syntax issues may be reported in more detail as separate issues in this assessment.  Review the list of objects and issues reported, fix the syntax errors, and re-run assessment before migrating this database.</Recommendation>
      <AdditionalInformation></AdditionalInformation>
      <RuleSeverity>High</RuleSeverity>
      <ChangeCategory>MigrationBlocker</ChangeCategory>
    </RuleMetadata>
    
    <RuleMetadata>
      <RuleId>46022</RuleId>
      <DisplayName>DF46022</DisplayName>
      <Title>FASTFIRSTROW is not a recognized table or a view hint [46022]</Title>
      <Impact>The FASTFIRSTROW tells the optimizer that it is important to have the first row returned as fast as possible, allowing the application to return results to the users faster This hint is deprecated.</Impact>
      <Recommendation>The OPTION (FAST 1) is preferred as the FASTFIRSTROW syntax is deprecated.</Recommendation>
      <AdditionalInformation></AdditionalInformation>
      <RuleSeverity>High</RuleSeverity>
      <ChangeCategory>MigrationBlocker</ChangeCategory>
      <Ignored>true</Ignored>
    </RuleMetadata>
    
    <RuleMetadata>
      <RuleId>70504</RuleId>
      <DisplayName>DF70504</DisplayName>
      <Title>References to only one-part or two-part objects are supported in Azure SQL Database</Title>
      <Impact>
        &lt;p&gt;Queries or references using three- or four-part names are not supported in Azure SQL Database.  Three-part name format, [database_name].[schema_name].[object_name], is supported only when the database_name is the current database or the database_name is tempdb and the object_name starts with #.&lt;/p&gt;
      </Impact>
      <Recommendation>
        &lt;li&gt;Move the dependent datasets from other databases into the database that is being migrated.&lt;/li&gt;
        &lt;li&gt;Migrate the dependent database(s) to Azure and use 'Elastic Database Query' functionality to query across Azure SQL databases.&lt;/li&gt;</Recommendation>
      <AdditionalInformation>&lt;a href="https://go.microsoft.com/fwlink/?linkid=838297"&gt;Azure SQL Database elastic database query overview&lt;/a&gt;</AdditionalInformation>
      <RuleSeverity>High</RuleSeverity>
      <ChangeCategory>MigrationBlocker</ChangeCategory>
    </RuleMetadata>
    
    <RuleMetadata>
      <RuleId>70527</RuleId>
      <DisplayName>DF70527</DisplayName>
      <Title>One or more users are pointing to wrong Windows logins</Title>
      <Impact>The assessment detected users with user names that do not match their login names.</Impact>
      <Recommendation>Ensure that the user and login names match for the users reported in the "Impacted objects" section.</Recommendation>
      <AdditionalInformation></AdditionalInformation>
      <RuleSeverity>High</RuleSeverity>
      <ObjectType>User</ObjectType>
      <ChangeCategory>MigrationBlocker</ChangeCategory>
    </RuleMetadata>
    
    <RuleMetadata>
      <RuleId>70557</RuleId>
      <DisplayName>DF70557</DisplayName>
      <Title>Failed to load the assembly</Title>
      <Impact>The assembly is either corrupt or not valid, which may block you from migrating to Azure SQL Database.</Impact>
      <Recommendation>The assembly is either corrupt or not valid.</Recommendation>
      <AdditionalInformation></AdditionalInformation>
      <RuleSeverity>High</RuleSeverity>
      <ObjectType>Assembly</ObjectType>
      <ChangeCategory>MigrationBlocker</ChangeCategory>
    </RuleMetadata>

    <RuleMetadata>
      <RuleId>70590</RuleId>
      <DisplayName>DF70590</DisplayName>
      <Title>Undeclared variables or parameters found</Title>
      <Impact>Objects were found that have statements referencing undeclared variables or parameters. These objects may block you from migrating to Azure SQL Database.</Impact>
      <Recommendation>The "Impacted objects" and "Object details" sections provide the specific object names and references where the undeclared variables or parameters are used.  Declare those variables and parameters and re-execute the assessment for any further issues.</Recommendation>
      <AdditionalInformation></AdditionalInformation>
      <RuleSeverity>High</RuleSeverity>
      <ObjectType>Procedure</ObjectType>
      <ChangeCategory>MigrationBlocker</ChangeCategory>
    </RuleMetadata>
    
    <RuleMetadata>
      <RuleId>70593</RuleId>
      <DisplayName>DF70593</DisplayName>
      <Title>REVOKE object permissions statement is not supported in Azure SQL Database</Title>
      <Impact>The REVOKE statement helps to revoke permissions on a table, view, table-valued function, stored procedure, extended stored procedure, scalar function, aggregate function, service queue, or synonym.  Revoking some of these object permissions may not supported in Azure SQL Database.</Impact>
      <Recommendation>The specific object names and associated REVOKE statements are provided in the "Impacted objects" and "Object details" sections.  Please review and fix those objects before migrating to Azure SQL Database.</Recommendation>
      <AdditionalInformation></AdditionalInformation>
      <RuleSeverity>High</RuleSeverity>
      <ChangeCategory>MigrationBlocker</ChangeCategory>
    </RuleMetadata>
    
    <RuleMetadata>
      <RuleId>71501</RuleId>
      <DisplayName>DF71501</DisplayName>
      <Title>Unresolved references found</Title>
      <Impact>One or more objects were found that contain unresolved references, which may block migration to Azure SQL Database.</Impact>
      <Recommendation>Address the unresolved references reported in "Object details" section.</Recommendation>
      <AdditionalInformation></AdditionalInformation>
      <RuleSeverity>High</RuleSeverity>
      <ChangeCategory>MigrationBlocker</ChangeCategory>
    </RuleMetadata>
    
    <RuleMetadata>
      <RuleId>71501</RuleId>
      <DisplayName>DF71501 for DB options</DisplayName>
      <Title>One or more database options set on this database are not supported in Azure SQL Database</Title>
      <Impact>Database options that have unresolved references may block database migration to Azure SQL Database.</Impact>
      <Recommendation>The following Database options are not supported in Azure SQL Database: 
        &lt;ul&gt;
          &lt;li&gt;change_tracking_option&lt;/li&gt;
          &lt;li&gt;database_mirroring_option&lt;/li&gt;
          &lt;li&gt;date_correlation_optimization_option&lt;/li&gt;
          &lt;li&gt;db_state_option&lt;/li&gt;
          &lt;li&gt;db_user_access_option&lt;/li&gt;
          &lt;li&gt;delayed_durability_option&lt;/li&gt;
          &lt;li&gt;external_access_option&lt;/li&gt;
          &lt;li&gt;FILESTREAM_options&lt;/li&gt;
          &lt;li&gt;HADR_options&lt;/li&gt;
          &lt;li&gt;recovery_option&lt;/li&gt;
          &lt;li&gt;service_broker_option&lt;/li&gt;
        &lt;/ul&gt;
        &lt;p&gt;Disable these from the database before migrating to Azure SQL Database.&lt;/p&gt;</Recommendation>
      <AdditionalInformation>&lt;a href="https://go.microsoft.com/fwlink/?linkid=845944"&gt;Azure SQL Database Options&lt;/a&gt;</AdditionalInformation>
      <RuleSeverity>High</RuleSeverity>
      <ObjectType>Database Options</ObjectType>
      <ChangeCategory>MigrationBlocker</ChangeCategory>
     </RuleMetadata>
    
    <RuleMetadata>
      <RuleId>71501</RuleId>
      <DisplayName>DF71501</DisplayName>
      <Title>Logins mapped to either certificate or asymmetric key are not supported in Azure SQL Database</Title>
      <Impact>
        &lt;p&gt;Azure SQL Database supports two types of authentication:&lt;/p&gt;
        &lt;p&gt;SQL Authentication, which uses a username and password&lt;/p&gt;
        &lt;p&gt;Azure Active Directory Authentication, which uses identities managed by Azure Active Directory and is supported for managed and integrated domains&lt;/p&gt;
      </Impact>
      <Recommendation>
        &lt;p&gt;Windows authentication (integrated security) is not supported in Azure SQL Database.  Database users mapped to Windows logins not supported.&lt;/p&gt;
        &lt;p&gt;Remove the reported unsupported users before migration and start using either SQL Authentication or Azure Active Directory Authentication after migrating to Azure SQL Database.&lt;/p&gt;
        &lt;p&gt;Logins mapped to either certificate or asymmetric key are also not supported.&lt;/p&gt;
      </Recommendation>
      <AdditionalInformation></AdditionalInformation>
      <RuleSeverity>High</RuleSeverity>
      <ObjectType>Login</ObjectType>
      <ChangeCategory>MigrationBlocker</ChangeCategory>
    </RuleMetadata>

    <RuleMetadata>
      <RuleId>71561</RuleId>
      <DisplayName>DF71561</DisplayName>
      <Title>Objects found containining references to unresolved objects, which are not supported in Azure SQL Database</Title>
      <Impact>
        &lt;p&gt;Queries or references using three- or four-part names not supported in Azure SQL Database.  Three-part name format, [database_name].[schema_name].[object_name], is supported only when the database_name is the current database or the database_name is tempdb and the object_name starts with #.&lt;/p&gt;
      </Impact>
      <Recommendation>
        &lt;li&gt;Move the dependent datasets from other databases into the database that is being migrated.&lt;/li&gt;
        &lt;li&gt;Migrate the dependent database(s) to Azure and use 'Elastic Database Query' functionality to query across Azure SQL databases.&lt;/li&gt;
      </Recommendation>
      <AdditionalInformation>&lt;a href="https://go.microsoft.com/fwlink/?linkid=838297"&gt;Azure SQL Database elastic database query overview &lt;/a&gt;</AdditionalInformation>
      <RuleSeverity>High</RuleSeverity>
      <ChangeCategory>MigrationBlocker</ChangeCategory>
    </RuleMetadata>
    
    <RuleMetadata>
      <RuleId>71562</RuleId>
      <DisplayName>DF71562</DisplayName>
      <Title>Cross database queries using three- or four-part names not supported in Azure SQL Database</Title>
      <Impact>
        &lt;p&gt;Queries or references using three- or four-part names not supported in Azure SQL Database.  Three-part name format, [database_name].[schema_name].[object_name], is supported only when the database_name is the current database or the database_name is tempdb and the object_name starts with #.&lt;/p&gt;
      </Impact>
      <Recommendation>
        &lt;li&gt;Move the dependent datasets from other databases into the database that is being migrated.&lt;/li&gt;
        &lt;li&gt;Migrate the dependent database(s) to Azure and use 'Elastic Database Query' functionality to query across Azure SQL databases.&lt;/li&gt;
      </Recommendation>
      <AdditionalInformation>&lt;a href="https://go.microsoft.com/fwlink/?linkid=838297"&gt;Azure SQL Database elastic database query overview &lt;/a&gt;</AdditionalInformation>
      <RuleSeverity>High</RuleSeverity>
      <ChangeCategory>MigrationBlocker</ChangeCategory>
    </RuleMetadata>
    
    <RuleMetadata>
      <RuleId>71624</RuleId>
      <DisplayName>DF71624</DisplayName>
      <Title>Granting CONNECT permission to the guest user in Azure SQL Database is not permitted</Title>
      <Impact>In SQL Server, a special user, guest, exists to permit access to a database for logins that are not mapped to a specific database user. When guest user is enabled and connect permissions granted, any login can use the database through the guest user.</Impact>
      <Recommendation>
        &lt;p&gt;Granting CONNECT permission to the guest user in Azure SQL Database is not permitted.&lt;/p&gt;
        &lt;p&gt;Revoke CONNECT permission from GUEST user by executing "REVOKE CONNECT FROM GUEST" before migrating to Azure SQL Database.&lt;/p&gt;
      </Recommendation>
      <AdditionalInformation></AdditionalInformation>
      <RuleSeverity>High</RuleSeverity>
      <ChangeCategory>MigrationBlocker</ChangeCategory>
    </RuleMetadata>
    
    <RuleMetadata>
      <RuleId>71626</RuleId>
      <DisplayName>DF71626 Generic--Look for types and come up with a generic issue -sqlModel.xml search for Type Name="</DisplayName>
      <Title>One or more SQL Server or database features are not supported in Azure SQL Database</Title>
      <Impact>&lt;p&gt;These unsupported features may block migration to Azure SQL Database.&lt;/p&gt;</Impact>
      <Recommendation>&lt;p&gt;These unsupported features may block migration to Azure SQL Database platform.  Review the "Impacted Objects" and "Object Details" sections for the specific object type, object and error details, fix the object and re-execute the assessment.&lt;/p&gt;</Recommendation>
      <AdditionalInformation></AdditionalInformation>
      <RuleSeverity>High</RuleSeverity>
      <ChangeCategory>MigrationBlocker</ChangeCategory>
    </RuleMetadata>
    
    <RuleMetadata>
      <RuleId>71626</RuleId>
      <DisplayName>DF71626 Queue</DisplayName>
      <Title>Service Broker feature is not supported in Azure SQL Database</Title>
      <Impact>SQL Server Service Broker provides native support for messaging and queuing applications in the SQL Server Database Engine.</Impact>
      <Recommendation>
        &lt;p&gt;Service Broker feature is not supported in Azure SQL Database. You need to disable the Service Broker feature using the following command before migrating this database to Azure:&lt;/p&gt;
        &lt;p&gt;ALTER DATABASE [database_name] SET DISABLE_BROKER;&lt;/p&gt;
        &lt;p&gt;In addition, you may also need to remove or stop the Service Broker endpoint in order to prevent messages from arriving in the SQL instance.&lt;/p&gt;
        &lt;p&gt;Once the database has been migrated to Azure, you can look into Azure Service Bus functionality to implement a generic, cloud-based messaging system instead of Service Broker.&lt;/p&gt;
      </Recommendation>
      <AdditionalInformation>&lt;a href="https://go.microsoft.com/fwlink/?linkid=838769"&gt;Service Bus&lt;/a&gt;</AdditionalInformation>
      <RuleSeverity>High</RuleSeverity>
      <ObjectType>Queue</ObjectType>
      <ChangeCategory>MigrationBlocker</ChangeCategory>
    </RuleMetadata>
    
    <RuleMetadata>
      <RuleId>71627</RuleId>
      <DisplayName>DF71627 --generic properties</DisplayName>
      <Title>Detected one or more features unsupported or partially-supported by Azure SQL Database</Title>
      <Impact>&lt;p&gt;These unsupported features may block migration to Azure SQL Database.&lt;/p&gt;</Impact>
      <Recommendation>&lt;p&gt;Review the "Impact Object" and "Object Details" sections for the specific object type, object and error details, fix the object and re-execute the assessment.&lt;/p&gt;</Recommendation>
      <AdditionalInformation></AdditionalInformation>
      <RuleSeverity>High</RuleSeverity>
      <ChangeCategory>MigrationBlocker</ChangeCategory>
    </RuleMetadata>
    
    <RuleMetadata>
      <RuleId>71627</RuleId>
      <DisplayName>DF71627 Property: Assembly</DisplayName>
      <Title>CLR Assemblies not supported in Azure SQL Database</Title>
      <Impact>CLR integration lets you create a user-defined function in SQL Server. A user-defined function is a Transact-SQL or common language runtime (CLR) routine that accepts parameters, performs an action, such as a complex calculation, and returns the result of that action as a value.</Impact>
      <Recommendation>Azure SQL Database does not allow creation of a managed application module that contains class metadata and managed code as an object in an instance of SQL Server. If you are relying on this feature, you will need to bring the functional logic used in CLR either to application layer or into stored procedures which will require re-engineering.</Recommendation>
      <AdditionalInformation>&lt;a href="https://go.microsoft.com/fwlink/?linkid=838287"&gt;Securing your SQL Database&lt;/a&gt;</AdditionalInformation>
      <RuleSeverity>High</RuleSeverity>
      <ObjectType>Assembly</ObjectType>
      <ChangeCategory>MigrationBlocker</ChangeCategory>
    </RuleMetadata>
    
    <RuleMetadata>
      <RuleId>71627</RuleId>
      <DisplayName>DF71627 Property: Windows login</DisplayName>
      <Title>Database users mapped with Windows authentication (integrated security) not supported in Azure SQL Database</Title>
      <Impact>
        &lt;p&gt;Azure SQL Database supports two types of authentication:&lt;/p&gt;
        &lt;p&gt;SQL Authentication, which uses a username and password.&lt;/p&gt;
        &lt;p&gt;Azure Active Directory Authentication, which uses identities managed by Azure Active Directory and is supported for managed and integrated domains.&lt;/p&gt;
      </Impact>
      <Recommendation>
        &lt;p&gt;Windows authentication (integrated security) is not supported in Azure SQL Database.  Database users mapped to Windows logins not supported.&lt;/p&gt;
        &lt;p&gt;Remove the reported unsupported users before migration and start using either SQL Authentication or Azure Active Directory Authentication after migrating to Azure SQL Database.&lt;/p&gt;
        &lt;p&gt;Logins mapped to either certificate or asymmetric key are also not supported.&lt;/p&gt;
      </Recommendation>
      <AdditionalInformation>&lt;a href="https://go.microsoft.com/fwlink/?linkid=838293"&gt;Securing your SQL Database&lt;/a&gt;</AdditionalInformation>
      <RuleSeverity>High</RuleSeverity>
      <ObjectType>Login</ObjectType>
      <ChangeCategory>MigrationBlocker</ChangeCategory>
    </RuleMetadata>

    <RuleMetadata>
      <RuleId>71627</RuleId>
      <DisplayName>DF71627 Property: Windows user</DisplayName>
      <Title>Windows users can be converted to external users in Azure SQL Database</Title>
      <Impact>
        &lt;p&gt;Azure SQL Database supports two types of authentication:&lt;/p&gt;
        &lt;p&gt;SQL Authentication, which uses a username and password.&lt;/p&gt;
        &lt;p&gt;Azure Active Directory Authentication, which uses identities managed by Azure Active Directory and is supported for managed and integrated domains.&lt;/p&gt;
        &lt;p&gt;Although it does not support Windows users or Windows authentication, Azure SQL Database supports external users, which can be used similarly through Active Directory.&lt;/p&gt;
      </Impact>
      <Recommendation>
        &lt;p&gt;Either perform a schema migration through DMA to convert these Windows users to external users for use with Azure Active Directory, or do not migrate your Windows users to Azure SQL Database.&lt;/p&gt;
      </Recommendation>
      <AdditionalInformation>&lt;a href="https://go.microsoft.com/fwlink/?linkid=838293"&gt;Securing your SQL Database&lt;/a&gt;</AdditionalInformation>
      <RuleSeverity>High</RuleSeverity>
      <ObjectType>User</ObjectType>
      <ChangeCategory>BehaviorChange</ChangeCategory>
    </RuleMetadata>
    
    <RuleMetadata>
      <RuleId>71630</RuleId>
      <DisplayName>DF71630</DisplayName>
      <Title>FILESTREAM not supported in Azure SQL Database</Title>
      <Impact>The FILESTREAM feature, which allows you to store unstructured data such as text documents, images, and videos in NTFS file system, is not supported in Azure SQL Database.</Impact>
      <Recommendation>
        &lt;p&gt;Upload the unstructured files to Azure Blob storage and store metadata related to these files (name, type, URL location, storage key etc.) in Azure SQL Database.&lt;/p&gt;
        &lt;p&gt;You may have re-engineer your application to enable streaming blobs to and from Azure SQL Database.&lt;/p&gt;
      </Recommendation>
      <AdditionalInformation>&lt;a href="https://go.microsoft.com/fwlink/?linkid=838302"&gt;Streaming Blobs To and From SQL Azure&lt;/a&gt;</AdditionalInformation>
      <RuleSeverity>High</RuleSeverity>
      <ChangeCategory>MigrationBlocker</ChangeCategory>
    </RuleMetadata>
  </RuleMetadataCollection>

  <RuleMetadataCollection advisorType="SironaFeatureParity">
    <RuleMetadata>
      <RuleId>ec6216d1-a7cc-410c-b32a-257435d8428b</RuleId>
      <DisplayName>DBF0011</DisplayName>
      <Title>Failover clustering is not supported for Azure SQL Database; instead use Active Geo-Replication</Title>
      <Impact>Azure SQL Database provides "Active Geo-Replication" for business continuity. Failover clustering is not supported and not needed.</Impact>
      <Recommendation>&lt;p&gt;Configure "Active Geo-Replication", which enables you to configure up to four readable secondary databases in the same or different data center locations (regions).&lt;/p&gt;</Recommendation>
      <AdditionalInformation>&lt;a href="https://go.microsoft.com/fwlink/?linkid=838270"&gt;Overview: SQL Database Active Geo-Replication&lt;/a&gt;</AdditionalInformation>
      <RuleSeverity>Medium</RuleSeverity>
      <FeatureParityRecommendationCategory>UnsupportedFeature</FeatureParityRecommendationCategory>
    </RuleMetadata>
    
    <RuleMetadata>
      <RuleId>2115f3b7-ac26-444e-818c-c98f00cf8688</RuleId>
      <DisplayName>DBF0012</DisplayName>
      <Title>Buffer pool extension is not supported in Azure SQL Database</Title>
      <Impact>
        &lt;p&gt;The buffer pool extension feature can be used to significantly improve I/O throughput of your on-premises SQL Server.&lt;/p&gt;
        &lt;p&gt;Buffer pool extension is not supported in Azure SQL Database&lt;/p&gt;
      </Impact>
      <Recommendation>
        &lt;p&gt;When migrating your database from an on-premises solution to Azure SQL Database, one important factor is to consider the performance, which takes into account CPU utilization, disk I/O and memory constraints. &lt;/p&gt;
        &lt;p&gt;Consider "Premium service" tier to support database workloads with higher-end throughput needs.  Scale out Azure SQL databases using the Elastic database pools&lt;/p&gt;
      </Recommendation>
      <AdditionalInformation>&lt;a href="https://go.microsoft.com/fwlink/?linkid=838282"&gt;SQL Database service tiers for single databases and elastic database pools&lt;/a&gt;</AdditionalInformation>
      <RuleSeverity>Medium</RuleSeverity>
      <FeatureParityRecommendationCategory>UnsupportedFeature</FeatureParityRecommendationCategory>
    </RuleMetadata>
    
    <RuleMetadata>
      <RuleId>be3c796a-a13f-40ad-94e1-8d9b44132268</RuleId>
      <DisplayName>DBF0013</DisplayName>
      <Title>Database Mail feature not available in Azure SQL Database</Title>
      <Impact>&lt;p&gt;This server uses the Database Mail feature, which is not supported in Azure SQL Database.&lt;/p&gt;</Impact>
      <Recommendation>
        &lt;p&gt;The following workaround can be used:&lt;/p&gt;
        &lt;p&gt;Make sure the existing code using Database Mail is compatible with Azure SQL Database. Change the system stored procedures to make them run on Azure SQL Database. Consider only the most common stored procedures. All others, if necessary, may be ported in the same way.&lt;/p&gt;
        &lt;p&gt;Mail feature may be used at the database monitoring level for: availability, mirroring, replication, throttling, size, user a/c, usage, read/write IOPS, CPV utilization, memory utilization, or session and work content.&lt;/p&gt;
        &lt;p&gt;It may be used at the table level for monitoring updates, inserts, deletes, etc.&lt;/p&gt;
      </Recommendation>
      <AdditionalInformation></AdditionalInformation>
      <RuleSeverity>Medium</RuleSeverity>
      <FeatureParityRecommendationCategory>UnsupportedFeature</FeatureParityRecommendationCategory>
    </RuleMetadata>
    
    <RuleMetadata>
      <RuleId>42a9d3c2-6db2-455d-adb2-9cdfa1838550</RuleId>
      <DisplayName>DBF0014</DisplayName>
      <Title>Server scoped credentials not supported in Azure SQL Database; convert to database credential</Title>
      <Impact>
        A credential is a record that contains the authentication information (credentials) required to connect to a resource outside SQL Server.
        &lt;p&gt;Azure SQL Database supports database credentials, but not the ones created at the SQL server scope.&lt;/p&gt;
      </Impact>
      <Recommendation>Azure SQL Database supports database credentials. Convert server scoped credentials to database credentials.</Recommendation>
      <AdditionalInformation>&lt;a href="https://go.microsoft.com/fwlink/?linkid=838290"&gt;CREATE DATABASE SCOPED CREDENTIAL (Transact-SQL)&lt;/a&gt;</AdditionalInformation>
      <RuleSeverity>Medium</RuleSeverity>
      <FeatureParityRecommendationCategory>PartiallySupportedFeature</FeatureParityRecommendationCategory>
    </RuleMetadata>
    
    <RuleMetadata>
      <RuleId>40854749-5ee4-4b2f-9b67-150b945d67bb</RuleId>
      <DisplayName>DBF0015</DisplayName>
      <Title>Use Azure SQL Database audit features to replace Server Audits</Title>
      <Impact>Auditing an instance of the SQL Server Database Engine or an individual database involves tracking and logging events that occur on the Database Engine. SQL Server audit lets you create server audits, which can contain server audit specifications for server level events, and database audit specifications for database level events.</Impact>
      <Recommendation>
        &lt;p&gt;Consider Azure SQL Database audit features to replace Server Audits. &lt;/p&gt;
        &lt;p&gt;Azure SQL supports audit and the features are richer than SQL Server. &lt;/p&gt;
        &lt;p&gt;Azure SQL can audit various database actions and events, including: &lt;/p&gt;
        &lt;p&gt;Access to data&lt;/p&gt;
        &lt;p&gt;Schema changes (DDL) &lt;/p&gt;
        &lt;p&gt;Data changes (DML) &lt;/p&gt;
        &lt;p&gt;Accounts, roles, and permissions (DCL) &lt;/p&gt;
        &lt;p&gt;Security exceptions&lt;/p&gt;
        &lt;p&gt;SQL Database Auditing increases an organization's ability to gain deep insight into events and changes that occur within their SQL database, including updates and queries against the data&lt;/p&gt;
      </Recommendation>
      <AdditionalInformation>&lt;a href="https://go.microsoft.com/fwlink/?linkid=838299"&gt;Get started with SQL database auditing&lt;/a&gt;</AdditionalInformation>
      <RuleSeverity>Medium</RuleSeverity>
      <FeatureParityRecommendationCategory>PartiallySupportedFeature</FeatureParityRecommendationCategory>
    </RuleMetadata>
    
    <RuleMetadata>
      <RuleId>133db418-a085-4566-9eb8-4dd73f3627ce</RuleId>
      <DisplayName>DBF0016</DisplayName>
      <Title>Review the maintenance plans still required after migrating to Azure SQL Database</Title>
      <Impact>SQL Server maintenance plans are used to automate various database administration tasks, including backups, database integrity checks, or database statistics updates, at specified intervals.</Impact>
      <Recommendation>&lt;p&gt;Maintenance plans are not supported in Azure SQL Database. However, most of the key maintenance activities are automatically taken care of by the Azure platform (like backup, etc).  Any maintenance activities not covered as part of the Azure platform can be achieved through the Azure Automation service or elastic jobs.&lt;/p&gt; </Recommendation>
      <AdditionalInformation>
        &lt;a href="https://go.microsoft.com/fwlink/?linkid=838279"&gt;Microsoft Azure Automation&lt;/a&gt;
        &lt;a href="https://go.microsoft.com/fwlink/?linkid=838284"&gt;Elastic Database jobs&lt;/a&gt;
      </AdditionalInformation>
      <RuleSeverity>Medium</RuleSeverity>
      <FeatureParityRecommendationCategory>UnsupportedFeature</FeatureParityRecommendationCategory>
    </RuleMetadata>
    
    <RuleMetadata>
      <RuleId>b6d2746e-7de3-4c80-b632-e427e33f45f7</RuleId>
      <DisplayName>DBF0017</DisplayName>
      <Title>SSIS is not supported in Azure SQL Database; leverage Azure Data Factory for ETL solutions</Title>
      <Impact>
        &lt;p&gt;Microsoft Integration Services is a platform for building enterprise-level data integration and data transformation solutions. &lt;/p&gt;
        &lt;p&gt;SSIS is not supported by the Azure SQL Database platform. &lt;/p&gt;
      </Impact>
      <Recommendation>Use Azure Data Factory, a cloud-based data integration service that automates the movement and transformation of data. The Data Factory service creates data integration solutions that can ingest data from various stores, transform and process the data, and publish the result data back to the data stores.</Recommendation>
      <AdditionalInformation>&lt;a href="https://go.microsoft.com/fwlink/?linkid=838291"&gt;Azure Data Factory Documentation&lt;/a&gt;</AdditionalInformation>
      <RuleSeverity>Medium</RuleSeverity>
      <FeatureParityRecommendationCategory>UnsupportedFeature</FeatureParityRecommendationCategory>
    </RuleMetadata>
    
    <RuleMetadata>
      <RuleId>d6fadcc4-9a72-4846-bda8-621882abb98e</RuleId>
      <DisplayName>DBF0018</DisplayName>
      <Title>Azure SQL Database doesn't support Analysis Services; migrate to Azure Analysis Services</Title>
      <Impact>Microsoft SQL Server Analysis Services (SSAS) is an online analytical processing (OLAP), data mining and reporting tool in Microsoft SQL Server. SSAS is used as a tool by organizations to analyze and make sense of information that might be spread out across multiple databases or in disparate tables.</Impact>
      <Recommendation>Migrate to Azure Analysis Services, which is compatible with the SQL Server 2016 Analysis Services Enterprise Edition. Azure Analysis Services supports tabular models at the 120 compatibility level. DirectQuery, partitions, row-level security, bi-directional relationships, and translations are all supported.</Recommendation>
      <AdditionalInformation>&lt;a href="https://go.microsoft.com/fwlink/?linkid=838298"&gt;What is Azure Analysis Services?&lt;/a&gt;</AdditionalInformation>
      <RuleSeverity>Medium</RuleSeverity>
      <FeatureParityRecommendationCategory>UnsupportedFeature</FeatureParityRecommendationCategory>
    </RuleMetadata>
    
    <RuleMetadata>
      <RuleId>e37e2d14-3a15-4968-9d38-6a422ccc92a7</RuleId>
      <DisplayName>DBF0019</DisplayName>
      <Title>SQL Server Reporting Services is not supported in Azure SQL Database</Title>
      <Impact>SQL Server Reporting Services is a solution that customers deploy on their own premises for creating, publishing, and managing reports, then delivering them to the right users in different ways, whether that's viewing them in web browser, on their mobile device, or as an email in their inbox.</Impact>
      <Recommendation>
        &lt;p&gt;Install Reporting Services and Reporting services databases on an Azure virtual machine.&lt;/p&gt;
        &lt;p&gt;Use Azure SQL Database as the data source.&lt;/p&gt;
      </Recommendation>
      <AdditionalInformation>&lt;a href="https://go.microsoft.com/fwlink/?linkid=838277"&gt;SQL Azure Connection Type (SSRS)&lt;/a&gt;</AdditionalInformation>
      <RuleSeverity>Medium</RuleSeverity>
      <FeatureParityRecommendationCategory>UnsupportedFeature</FeatureParityRecommendationCategory>
    </RuleMetadata>
    
    <RuleMetadata>
      <RuleId>42e80fd0-658e-4fa5-9c48-0ee780953068</RuleId>
      <DisplayName>DBF0020</DisplayName>
      <Title>Azure SQL Database does not support trace flags</Title>
      <Impact>Trace flags are used to temporarily set specific server characteristics or to switch off a particular behavior.  Trace flags are frequently used to diagnose performance issues or to debug stored procedures or complex computer systems</Impact>
      <Recommendation>Choose the right SQL Database service tiers and performance level for single databases and elastic databases that match your workloads.</Recommendation>
      <AdditionalInformation></AdditionalInformation>
      <RuleSeverity>Medium</RuleSeverity>
      <FeatureParityRecommendationCategory>UnsupportedFeature</FeatureParityRecommendationCategory>
    </RuleMetadata>
    
    <RuleMetadata>
      <RuleId>841d0408-a361-4a3f-833e-ce8ce3aada1b</RuleId>
      <DisplayName>DBF0021</DisplayName>
      <Title>Server-scoped or logon triggers not supported in Azure SQL Database</Title>
      <Impact>
        &lt;p&gt;A trigger is a special kind of stored procedure that executes in response to certain action on a table like insertion, deletion or updating of data.&lt;/p&gt;
        &lt;p&gt;Server-scoped or logon triggers are not supported in Azure SQL Database.&lt;/p&gt;
        &lt;p&gt;Azure does not support the following options for triggers: &lt;/p&gt;
        &lt;p&gt;ENCRYPTION &lt;/p&gt;
        &lt;p&gt;WITH APPEND &lt;/p&gt;
        &lt;p&gt;NOT FOR REPLICATION &lt;/p&gt;
        &lt;p&gt;EXTERNAL NAME option (there is no external method support)&lt;/p&gt;
        &lt;p&gt;ALL SERVER Option (DDL Trigger)&lt;/p&gt;
        &lt;p&gt;Trigger on a LOGON event (Logon Trigger)&lt;/p&gt;
        &lt;p&gt;Azure does not support CLR-triggers.&lt;/p&gt;
      </Impact>
      <Recommendation>If you already have a Worker Role or VM running in Azure, you can implement the trigger logic to be run using the machine's task scheduler.</Recommendation>
      <AdditionalInformation></AdditionalInformation>
      <RuleSeverity>Medium</RuleSeverity>
      <FeatureParityRecommendationCategory>UnsupportedFeature</FeatureParityRecommendationCategory>
    </RuleMetadata>
    
    <RuleMetadata>
      <RuleId>e3b10fc1-125f-4ce7-8cfb-aefe89427f8b</RuleId>
      <DisplayName>DBF0022</DisplayName>
      <Title>Policy-Based Management is not available in Azure SQL Database</Title>
      <Impact>Policy-Based Management is a policy-based system for managing one or more instances of SQL Server. It is used to create conditions that contain condition expressions and then create policies that apply the conditions to database target objects.</Impact>
      <Recommendation>Use PowerShell automation to implement the policy-based database management. Due to the Azure cloud environment, the Custom implementation is only available at the database level, not the server level.</Recommendation>
      <AdditionalInformation>&lt;a href="https://go.microsoft.com/fwlink/?linkid=838285"&gt;PowerShell - Azure Automation&lt;/a&gt;</AdditionalInformation>
      <RuleSeverity>Medium</RuleSeverity>
      <FeatureParityRecommendationCategory>UnsupportedFeature</FeatureParityRecommendationCategory>
    </RuleMetadata>
    
    <RuleMetadata>
      <RuleId>1e9ccd7a-e148-4810-864f-37dcb5c7ae71</RuleId>
      <DisplayName>DBF0023</DisplayName>
      <Title>Adding user-defined error messages is not supported in Azure SQL Database</Title>
      <Impact>The sp_addmessage system stored procedure lets you add error messages to SQL Server that can be referenced in code. This is helpful for standardized error messages that will be used throughout your application, especially if they need to be able to support multiple languages, but not so much for ad-hoc error messages.  But this feature is not supported in Azure SQL Database.</Impact>
      <Recommendation>USE RAISEERROR statement to build a message dynamically.</Recommendation>
      <AdditionalInformation>&lt;a href="https://go.microsoft.com/fwlink/?linkid=838295"&gt;RAISERROR (Transact-SQL)&lt;/a&gt;</AdditionalInformation>
      <RuleSeverity>Medium</RuleSeverity>
      <FeatureParityRecommendationCategory>UnsupportedFeature</FeatureParityRecommendationCategory>
    </RuleMetadata>
    
    <RuleMetadata>
      <RuleId>230121ee-a864-4c87-bf9e-6914d928d358</RuleId>
      <DisplayName>DBF0024</DisplayName>
      <Title>Data Collection not supported in Azure SQL</Title>
      <Impact>&lt;p&gt;The data collector is a component of SQL Server that collects different sets of data. Data collection either runs constantly or on a user-defined schedule. The data collector stores the collected data in a relational database known as the management data warehouse.&lt;/p&gt;</Impact>
      <Recommendation>&lt;p&gt;Use query store to check and collect the performance level details.&lt;/p&gt;</Recommendation>
      <AdditionalInformation>&lt;a href="https://go.microsoft.com/fwlink/?linkid=838301"&gt;Monitoring Performance By Using the Query Store&lt;/a&gt;</AdditionalInformation>
      <RuleSeverity>Medium</RuleSeverity>
      <FeatureParityRecommendationCategory>UnsupportedFeature</FeatureParityRecommendationCategory>
    </RuleMetadata>
    
    <RuleMetadata>
      <RuleId>bce58720-8f42-4bea-9483-a60c555dd484</RuleId>
      <DisplayName>DBF0025</DisplayName>
      <Title>Windows authentication not supported in Azure SQL Database</Title>
      <Impact>&lt;p&gt;This server is in Windows authentication mode, and Windows authentication is not supported in SQL Azure.&lt;/p&gt;</Impact>
      <Recommendation>
        &lt;p&gt;Due to Azure SQL Database's cloud architecture, any Windows authentication used in a source database should be handled using SQL Azure.&lt;/p&gt;
        &lt;p&gt;Azure SQL Database supports Azure Active Directory or SQL Azure authentication.&lt;/p&gt;
        &lt;p&gt;If considering using Azure Active Directory, make sure Azure Active Directory is well configured, or else use SQL Azure authentication.&lt;/p&gt;
      </Recommendation>
      <AdditionalInformation>&lt;a href="https://go.microsoft.com/fwlink/?linkid=838280"&gt;SQL Database Authentication and Authorization: Granting Access&lt;/a&gt;</AdditionalInformation>
      <RuleSeverity>Medium</RuleSeverity>
      <FeatureParityRecommendationCategory>UnsupportedFeature</FeatureParityRecommendationCategory>
    </RuleMetadata>
    
    <RuleMetadata>
      <RuleId>1f6e088b-1e9b-4ff6-b43e-a5f2c01fe486</RuleId>
      <DisplayName>DBF0026</DisplayName>
      <Title>Azure SQL Database does not support EKM and Azure Key Vault integration</Title>
      <Impact>SQL Server provides several types of encryption that help protect sensitive data, including Transparent Data Encryption (TDE), Column Level Encryption (CLE), and Backup Encryption. In all of these cases, in this traditional key hierarchy, the data is encrypted using a symmetric data encryption key (DEK). The symmetric data encryption key is further protected by encrypting it with a hierarchy of keys stored in SQL Server. Instead of this model, the alternative is the EKM Provider Model. Using the EKM provider architecture enables SQL Server to protect the data encryption keys by using an asymmetric key stored outside of SQL Server in an external cryptographic provider. This model adds an additional layer of security and separates the management of keys and data.</Impact>
      <Recommendation>Azure SQL Database does not support Azure Key Vault integration with TDE. SQL Server running on an Azure virtual machine can use an asymmetric key from the Key Vault.</Recommendation>
      <AdditionalInformation></AdditionalInformation>
      <RuleSeverity>Medium</RuleSeverity>
      <FeatureParityRecommendationCategory>UnsupportedFeature</FeatureParityRecommendationCategory>
    </RuleMetadata>
    
    <RuleMetadata>
      <RuleId>71715af6-45d8-4ebd-bf28-508644f4fc2b</RuleId>
      <DisplayName>DBF0027</DisplayName>
      <Title>SQL Server Agent jobs are not available in Azure SQL Database</Title>
      <Impact>SQL Server Agent is a Microsoft Windows service that executes scheduled administrative tasks, which are called jobs in SQL Server.</Impact>
      <Recommendation>
        &lt;p&gt;Use elastic jobs, which are the replacement for SQL Server Agent jobs in Azure SQL Database. &lt;/p&gt;
        &lt;p&gt;Elastic Database jobs for Azure SQL Database allows you to reliably execute T-SQL scripts that span multiple databases while automatically retrying and providing eventual completion guarantees.&lt;/p&gt;
      </Recommendation>
      <AdditionalInformation>&lt;a href="https://go.microsoft.com/fwlink/?linkid=838286"&gt;Getting started with Elastic Database jobs&lt;/a&gt;</AdditionalInformation>
      <RuleSeverity>Medium</RuleSeverity>
      <FeatureParityRecommendationCategory>UnsupportedFeature</FeatureParityRecommendationCategory>
    </RuleMetadata>
    
    <RuleMetadata>
      <RuleId>6c20cbe5-67c5-4951-a318-624292da8d75</RuleId>
      <DisplayName>DBF0028</DisplayName>
      <Title>Always On Availability group configuration is not supported for Azure SQL databases</Title>
      <Impact>Azure SQL Database provides "Active Geo-Replication" for business continuity. Always On Availability groups not supported and not needed.</Impact>
      <Recommendation>&lt;p&gt;Configure "Active Geo-Replication", which enables you to configure up to four readable secondary databases in the same or different data center locations (regions).&lt;/p&gt;</Recommendation>
      <AdditionalInformation>&lt;a href="https://go.microsoft.com/fwlink/?linkid=838294"&gt;Overview: SQL Database Active Geo-Replication&lt;/a&gt;</AdditionalInformation>
      <RuleSeverity>Medium</RuleSeverity>
      <FeatureParityRecommendationCategory>UnsupportedFeature</FeatureParityRecommendationCategory>
      <ImpactDetailText>This database is either a primary or secondary replica in an availability group.</ImpactDetailText>
    </RuleMetadata>
    
    <RuleMetadata>
      <RuleId>675d900d-739a-4f79-909b-115d028e3e45</RuleId>
      <DisplayName>DBF0029</DisplayName>
      <Title>FILESTREAM not supported in Azure SQL Database</Title>
      <Impact>The FILESTREAM feature, which allows you to store unstructured data such as text documents, images, and videos in NTFS file system, is not supported in Azure SQL Database.</Impact>
      <Recommendation>
        &lt;p&gt;Upload the unstructured files to Azure Blob storage and store metadata related to these files (name, type, URL location, storage key etc.) in Azure SQL Database.&lt;/p&gt;
        &lt;p&gt;You may have re-engineer your application to enable streaming blobs to and from Azure SQL Database.&lt;/p&gt;
      </Recommendation>
      <AdditionalInformation>&lt;a href="https://go.microsoft.com/fwlink/?linkid=838300"&gt;Streaming Blobs To and From SQL Azure&lt;/a&gt;</AdditionalInformation>
      <RuleSeverity>Medium</RuleSeverity>
      <FeatureParityRecommendationCategory>UnsupportedFeature</FeatureParityRecommendationCategory>
      <ImpactDetailText>This database has one or more files of type FILESTREAM.</ImpactDetailText>
    </RuleMetadata>
    
    <RuleMetadata>
      <RuleId>80621881-ed14-44fa-a770-46e29b03d803</RuleId>
      <DisplayName>DBF0030</DisplayName>
      <Title>Full-text search partially supported in Azure SQL Database</Title>
      <Impact>Text Search lets users and applications run full-text queries against character-based data in SQL Server tables.</Impact>
      <Recommendation>
        &lt;p&gt;Azure SQL Database supports full-text search with the following limitations. Any of the below used in a source database should be handled separately.&lt;/p&gt;
        &lt;p&gt;1. No support for installation or use of third party filters, including Office and .pdf.&lt;/p&gt;
        &lt;p&gt;2. Customers cannot manage service settings for dots; all configurations are managed by the service.&lt;/p&gt;
        &lt;p&gt;3. Semantic search, thesaurus and search property lists syntax is not yet enabled.&lt;/p&gt;
      </Recommendation>
      <AdditionalInformation>&lt;a href="https://go.microsoft.com/fwlink/?linkid=838278"&gt;Full-Text Search is now available in Azure SQL Database (GA)&lt;/a&gt;</AdditionalInformation>
      <RuleSeverity>Medium</RuleSeverity>
      <FeatureParityRecommendationCategory>PartiallySupportedFeature</FeatureParityRecommendationCategory>
      <ImpactDetailText>This database contains full-text catalogs.</ImpactDetailText>
    </RuleMetadata>
    
    <RuleMetadata>
      <RuleId>4335a2eb-3164-438f-aaa0-588a04057854</RuleId>
      <DisplayName>DBF0031</DisplayName>
      <Title>Change Data Capture (CDC) is not supported in Azure SQL Database</Title>
      <Impact>Change data capture is designed to capture insert, update, and delete activity applied to SQL Server tables, and to make the details of the changes available in an easily consumed relational format.</Impact>
      <Recommendation>
        &lt;p&gt;Change Data Capture (CDC) is not supported in Azure SQL Database.&lt;/p&gt;
        &lt;p&gt;Evaluate if Change Tracking can be used in place of CDC as explained in the article below.&lt;/p&gt;
      </Recommendation>
      <AdditionalInformation>&lt;a href="https://go.microsoft.com/fwlink/?linkid=838289"&gt;How to Enable SQL Azure Change Tracking&lt;/a&gt;</AdditionalInformation>
      <RuleSeverity>Medium</RuleSeverity>
      <FeatureParityRecommendationCategory>UnsupportedFeature</FeatureParityRecommendationCategory>
      <ImpactDetailText>This database has CDC enabled.</ImpactDetailText>
    </RuleMetadata>
    
    <RuleMetadata>
      <RuleId>7c49ee7a-ebbb-4f79-bb1c-1eb0ac249ecd</RuleId>
      <DisplayName>DBF0032</DisplayName>
      <Title>Log shipping is not available in Azure SQL Database; instead, configure Active Geo-Replication</Title>
      <Impact>Log shipping provides a disaster-recovery solution for a single primary database and one or more secondary databases, each on a separate instance of SQL Server.</Impact>
      <Recommendation>Configure Active Geo-Replication, which enables you to configure up to four readable secondary databases in the same or different data center locations (regions). Secondary databases are available for querying and for failover in the case of a data center outage or the inability to connect to the primary database. Active Geo-Replication must be between databases within the same subscription.</Recommendation>
      <AdditionalInformation>&lt;a href="https://go.microsoft.com/fwlink/?linkid=838296"&gt;Overview: SQL Database Active Geo-Replication&lt;/a&gt;</AdditionalInformation>
      <RuleSeverity>Medium</RuleSeverity>
      <FeatureParityRecommendationCategory>UnsupportedFeature</FeatureParityRecommendationCategory>
      <ImpactDetailText>This database is either a primary or secondary log shipping database.</ImpactDetailText>
    </RuleMetadata>
    
    <RuleMetadata>
      <RuleId>c99f9cfa-2766-4096-aa50-1553033b67ce</RuleId>
      <DisplayName>DBF0033</DisplayName>
      <Title>Database mirroring is not available in SQL Azure database; instead, configure Active Geo-Replication</Title>
      <Impact>Database mirroring is a solution for increasing the availability of a SQL Server database. Mirroring is implemented on a per-database basis and works only with databases that use the full recovery model.</Impact>
      <Recommendation>Configure Active Geo-Replication, which enables you to configure up to four readable secondary databases in the same or different data center locations (regions). Secondary databases are available for querying and for failover in the case of a data center outage or the inability to connect to the primary database. Active Geo-Replication must be between databases within the same subscription.</Recommendation>
      <AdditionalInformation>&lt;a href="https://go.microsoft.com/fwlink/?linkid=838281"&gt;Overview: SQL Database Active Geo-Replication&lt;/a&gt;</AdditionalInformation>
      <RuleSeverity>Medium</RuleSeverity>
      <FeatureParityRecommendationCategory>UnsupportedFeature</FeatureParityRecommendationCategory>
      <ImpactDetailText>Mirroring is enabled for this database.</ImpactDetailText>
    </RuleMetadata>
    
    <RuleMetadata>
      <RuleId>373e516d-5b36-4e83-ba42-0358990b973d</RuleId>
      <DisplayName>DBF0034</DisplayName>
      <Title>Transactional replication to Azure SQL Database subscriber is supported</Title>
      <Impact>Replication is a set of technologies for copying and distributing data and database objects from one database to another and then synchronizing between databases to maintain consistency. Using replication, you can distribute data to different locations and to remote or mobile users over local and wide area networks, dial-up connections, wireless connections, and the Internet</Impact>
      <Recommendation>Your database is identified to be part of a replication topology. Publishers and Distributors of a replication topology are not supported in Azure SQL Database. However, if your database is serving as a Subscriber, you can configure Azure SQL Database as a Subscriber of an on-prem SQL Server Transactional Replication topology.</Recommendation>
      <AdditionalInformation>&lt;a href="https://go.microsoft.com/fwlink/?linkid=838288"&gt;Transactional Replication to Azure SQL Database now in public preview&lt;/a&gt;</AdditionalInformation>
      <RuleSeverity>Medium</RuleSeverity>
      <FeatureParityRecommendationCategory>PartiallySupportedFeature</FeatureParityRecommendationCategory>
      <ImpactDetailText>Replication is enabled for this database.</ImpactDetailText>
    </RuleMetadata>
    
    <RuleMetadata>
      <RuleId>3946bb88-cf72-45b2-a690-e433b3848968</RuleId>
      <DisplayName>DBF0035</DisplayName>
      <Title>Service Broker feature is not supported in Azure SQL Database</Title>
      <Impact>SQL Server Service Broker provides native support for messaging and queuing applications in the SQL Server Database Engine.</Impact>
      <Recommendation>
        &lt;p&gt;Service Broker feature is not supported in Azure SQL Database. You need to disable Service Broker using the following command before migrating this database to Azure:&lt;/p&gt;
        &lt;p&gt;ALTER DATABASE [database_name] SET DISABLE_BROKER;&lt;/p&gt;
        &lt;p&gt;In addition, you may also need to remove or stop the Service Broker endpoint in order to prevent messages from arriving in the SQL instance.&lt;/p&gt;
        &lt;p&gt;Once the database has been migrated to Azure, you can look into Azure Service Bus functionality to implement a generic, cloud-based messaging system instead of Service Broker.&lt;/p&gt;
      </Recommendation>
      <AdditionalInformation>&lt;a href="https://go.microsoft.com/fwlink/?linkid=838769"&gt;Service Bus&lt;/a&gt;</AdditionalInformation>
      <RuleSeverity>Medium</RuleSeverity>
      <FeatureParityRecommendationCategory>UnsupportedFeature</FeatureParityRecommendationCategory>
      <ImpactDetailText>This database has Service Broker enabled.</ImpactDetailText>
    </RuleMetadata>
    
    <RuleMetadata>
      <RuleId>2292dd65-0a5d-40e0-abc9-d08f06300fb0</RuleId>
      <DisplayName>DBF0036</DisplayName>
      <Title>Cross-database references not supported in Azure SQL Database</Title>
      <Impact>&lt;p&gt;Some selected databases on this server use cross-database queries, which are not supported in Azure SQL Database.&lt;/p&gt;</Impact>
      <Recommendation>
        &lt;p&gt;Azure SQL Database does not support cross-database queries. The following actions are recommended:&lt;/p&gt;
        &lt;ol&gt;
        &lt;li&gt;Move the dependent datasets from other databases into the database that is being migrated.&lt;/li&gt;
        &lt;li&gt;Migrate the dependent database(s) to Azure and use 'Elastic Database Query' functionality to query across Azure SQL databases.&lt;/li&gt;
        &lt;/ol&gt;
      </Recommendation>
      <AdditionalInformation>&lt;a href="https://go.microsoft.com/fwlink/?linkid=838297"&gt;Azure SQL Database elastic database query overview &lt;/a&gt;</AdditionalInformation>
      <RuleSeverity>Medium</RuleSeverity>
      <FeatureParityRecommendationCategory>UnsupportedFeature</FeatureParityRecommendationCategory>
      <ImpactDetailText>Objects in this database reference other databases.</ImpactDetailText>
    </RuleMetadata>
    
    <RuleMetadata>
      <RuleId>2655f11e-1686-476a-8274-3ccfd59ec0ff</RuleId>
      <DisplayName>DBF0037</DisplayName>
      <Title>Linked server functionality not supported in Azure SQL Database</Title>
      <Impact>Linked servers enable the SQL Server Database Engine to execute commands against OLE DB data sources outside of the instance of SQL Server.</Impact>
      <Recommendation>
        &lt;p&gt;Azure SQL Database does not support linked server functionality. The following actions are recommended to eliminate the need for linked servers:&lt;/p&gt;
        &lt;p&gt;1. Identify the dependent datasets from remote SQL servers and consider moving these into the database being migrated.&lt;/p&gt;
        &lt;p&gt;2. Migrate the dependent database(s) to Azure and use 'Elastic Database Query' functionality to query across Azure SQL databases.&lt;/p&gt;
      </Recommendation>
      <AdditionalInformation>&lt;a href="https://go.microsoft.com/fwlink/?linkid=838276"&gt;Cross-Database Queries in Azure SQL Database&lt;/a&gt;</AdditionalInformation>
      <RuleSeverity>Medium</RuleSeverity>
      <FeatureParityRecommendationCategory>UnsupportedFeature</FeatureParityRecommendationCategory>
      <ImpactDetailText>Objects in this database reference other servers.</ImpactDetailText>
    </RuleMetadata>
    
    <RuleMetadata>
      <RuleId>8c0d645d-0390-42e5-bff6-faebaefada2f</RuleId>
      <DisplayName>DBF0038</DisplayName>
      <Title>Unsupported object types detected</Title>
      <Impact>Unsupported object types in the schema may prevent you migrating to Azure SQL Database.</Impact>
      <Recommendation>&lt;p&gt;Objects of types "Replication filter stored procedure", "Service queue", "Extended stored procedure", etc., are not supported in Azure SQL Database.&lt;/p&gt;
        &lt;p&gt;For a complete list, please refer to the link provided in the "More info" section.&lt;/p&gt;
      </Recommendation>
      <AdditionalInformation>&lt;a href="https://go.microsoft.com/fwlink/?linkid=838938"&gt;sys.objects (Transact-SQL)&lt;/a&gt;</AdditionalInformation>
      <RuleSeverity>Medium</RuleSeverity>
      <FeatureParityRecommendationCategory>UnsupportedFeature</FeatureParityRecommendationCategory>
      <ImpactDetailText>&lt;p&gt;These objects have types that are unsupported in Azure SQL Database:&lt;/p&gt;&lt;p&gt;{0}&lt;/p&gt;</ImpactDetailText>
    </RuleMetadata>
    
    <RuleMetadata>
      <RuleId>59cb6f5e-c3db-4a2c-9cda-125c92779f56</RuleId>
      <DisplayName>DBF0039</DisplayName>
      <Title>Fixed metadata (catalog) collation in Azure SQL Database will cause object name collisions</Title>
      <Impact>The default collation for character data in Azure SQL databases is SQL_Latin1_General_CP1_CI_AS. This collation is also used across the Azure SQL Database infrastructure to sort and compare metadata that defines database objects. We have detected objects in your database that will have the same name under this fixed catalog collation. This will cause name collisions that will block your migration.</Impact>
      <Recommendation>
        &lt;p&gt;The objects which have name collisions are listed in the "Database details" section for each impacted database. Change the names of these objects so that they do not collide under collation SQL_Latin1_General_CP1_CI_AS.&lt;/p&gt;
        &lt;p&gt;You can run this query on your database to find any objects that will have name collisions in Azure SQL Database:&lt;/p&gt;
        &lt;pre&gt;
        SELECT
          s.name as schema_name,
          o.name COLLATE SQL_Latin1_General_CP1_CI_AS as object_name,
          count(*) as collision_count
        FROM sys.objects o
        LEFT JOIN sys.schemas s
        ON o.schema_id = s.schema_id
        GROUP BY s.name, o.name COLLATE SQL_Latin1_General_CP1_CI_AS
        HAVING count(*) > 1
        &lt;/pre&gt;
      </Recommendation>
      <AdditionalInformation>&lt;a href="https://go.microsoft.com/fwlink/?linkid=838283"&gt;Working With Collations In SQL Azure&lt;/a&gt;</AdditionalInformation>
      <RuleSeverity>Medium</RuleSeverity>
      <FeatureParityRecommendationCategory>UnsupportedFeature</FeatureParityRecommendationCategory>
      <ImpactDetailText>&lt;p&gt;The following object names will have collisions under collation SQL_Latin1_General_CP1_CI_AS:&lt;/p&gt;&lt;p&gt;{0}&lt;/p&gt;</ImpactDetailText>
    </RuleMetadata>
    
    <RuleMetadata>
      <RuleId>fd5a6a79-8c37-4e69-b04f-ef12e9855c19</RuleId>
      <DisplayName>DBF0040</DisplayName>
      <Title>TRUSTWORTHY database property not supported in Azure SQL Database</Title>
      <Impact>The TRUSTWORTHY database property is used to indicate whether the instance of SQL Server trusts the database and the contents within it. By default, this setting is OFF, but can be set to ON by using the ALTER DATABASE statement.</Impact>
      <Recommendation>The TRUSTWORTHY database property is not supported in Azure SQL Database.</Recommendation>
      <AdditionalInformation></AdditionalInformation>
      <RuleSeverity>Medium</RuleSeverity>
      <FeatureParityRecommendationCategory>UnsupportedFeature</FeatureParityRecommendationCategory>
      <ImpactDetailText>This database has the TRUSTWORTHY property enabled.</ImpactDetailText>
    </RuleMetadata>
    
    <RuleMetadata>
      <RuleId>01cbf83f-c83b-42b3-86e1-2558e329142f</RuleId>
      <DisplayName>DBF0041</DisplayName>
      <Title>DB_CHAINING property not supported in Azure SQL Database</Title>
      <Impact>SQL Server can be configured to allow ownership chaining between specific databases or across all databases inside a single instance of SQL Server. Cross-database ownership chaining is disabled by default, and should not be enabled unless it is specifically required.</Impact>
      <Recommendation>The DB_CHAINING property is not supported in Azure SQL Database.</Recommendation>
      <AdditionalInformation></AdditionalInformation>
      <RuleSeverity>Medium</RuleSeverity>
      <FeatureParityRecommendationCategory>UnsupportedFeature</FeatureParityRecommendationCategory>
      <ImpactDetailText>This database has the DB_CHAINING property enabled.</ImpactDetailText>
    </RuleMetadata>
    
    <RuleMetadata>
      <RuleId>1ff71a3d-9ede-415b-88aa-ff136020abba</RuleId>
      <DisplayName>DBF0042</DisplayName>
      <Title>In-memory tables only supported in preview for Premium Azure SQL databases</Title>
      <Impact>&lt;p&gt;Some selected databases on this server have in-memory tables.&lt;/p&gt;</Impact>
      <Recommendation>&lt;p&gt;Azure SQL Database only supports in-memory tables in preview for Premium Azure SQL databases. It is not supported in Basic and Standard tiers.&lt;/p&gt;</Recommendation>
      <AdditionalInformation></AdditionalInformation>
      <RuleSeverity>Medium</RuleSeverity>
      <FeatureParityRecommendationCategory>PartiallySupportedFeature</FeatureParityRecommendationCategory>
      <ImpactDetailText>This database contains memory-optimized tables.</ImpactDetailText>
    </RuleMetadata>
    
    <RuleMetadata>
      <RuleId>63544257-802a-433c-914e-b2ef58157898</RuleId>
      <DisplayName>DBF0043</DisplayName>
      <Title>Table partitioning considerations in Azure SQL Database</Title>
      <Impact>The data in partitioned tables and indexes is horizontally divided into units that can be spread across more than one filegroup in a database. Partitioning can make large tables and indexes more manageable and scalable.</Impact>
      <Recommendation>Table partitioning exists in Azure SQL Database, but does not scale out across disks (horizontal partitioning of table/index data across multiple file groups to improve performance on large datasets). However, consider premium storage to eliminate the need.</Recommendation>
      <AdditionalInformation></AdditionalInformation>
      <RuleSeverity>Medium</RuleSeverity>
      <FeatureParityRecommendationCategory>PartiallySupportedFeature</FeatureParityRecommendationCategory>
      <ImpactDetailText>This database contains multiple partitions.</ImpactDetailText>
    </RuleMetadata>
    
    <RuleMetadata>
      <RuleId>a9ca04ba-9fb5-480f-b351-afc437e4f3e6</RuleId>
      <DisplayName>DBF0045</DisplayName>
      <Title>File groups not supported in Azure SQL Database</Title>
      <Impact>&lt;p&gt;Some selected databases use file groups, which are not supported in Azure SQL Database.&lt;/p&gt;</Impact>
      <Recommendation>&lt;p&gt;Azure SQL Database doesn't allow the use of file groups simply because there's no direct way to replicate their behavior in a cloud environment, where everything is virtualized anyway. If you relied on file groups for physical partitioning of data to gain performance, consider premium service tier to eliminate the need.&lt;/p&gt;</Recommendation>
      <AdditionalInformation></AdditionalInformation>
      <RuleSeverity>Medium</RuleSeverity>
      <FeatureParityRecommendationCategory>UnsupportedFeature</FeatureParityRecommendationCategory>
      <ImpactDetailText>This database contains file groups.</ImpactDetailText>
    </RuleMetadata>
    
    <RuleMetadata>
      <RuleId>3dbac490-cdf4-4a12-af2d-671e0f622e12</RuleId>
      <DisplayName>DBF0046</DisplayName>
      <Title></Title>
      <Impact></Impact>
      <Recommendation></Recommendation>
      <AdditionalInformation></AdditionalInformation>
      <RuleSeverity>Medium</RuleSeverity>
      <FeatureParityRecommendationCategory>UnsupportedFeature</FeatureParityRecommendationCategory>
    </RuleMetadata>
  </RuleMetadataCollection>

  <RuleMetadataCollection advisorType="LinuxFeatureParity">
    <RuleMetadata>
      <RuleId>5C3E2878-A460-4029-A808-B6493FF465D3</RuleId>
      <DisplayName>DBF0047</DisplayName>
      <Title>PolyBase on SQL Server Linux</Title>
      <Impact>PolyBase is not available on Linux at this time.</Impact>
      <Recommendation>N/A</Recommendation>
      <AdditionalInformation>Refer to the &lt;a href="https://docs.microsoft.com/en-us/sql/linux/sql-server-linux-release-notes#ctp20"&gt;unsupported features and services&lt;/a&gt;</AdditionalInformation>
      <RuleSeverity>Medium</RuleSeverity>
      <FeatureParityRecommendationCategory>UnsupportedFeature</FeatureParityRecommendationCategory>
      <ImpactDetailText>
        For more detaills on PolyBase, see &lt;a href="https://docs.microsoft.com/en-us/sql/relational-databases/polybase/polybase-guide"&gt;here.&lt;/a&gt;
        This database cannot be configured with PolyBase.
      </ImpactDetailText>
    </RuleMetadata>

    <RuleMetadata>
      <RuleId>78B209D6-B259-489F-8D33-4E4B5AC97F92</RuleId>
      <DisplayName>DBF0048</DisplayName>
      <Title>Windows Authentication and Active Directory</Title>
      <Impact>Both Windows and Active Directory Authentication are not supported in SQL Server on Linux at this time.</Impact>
      <Recommendation>Refer to the &lt;a href="https://docs.microsoft.com/en-us/sql/linux/sql-server-linux-release-notes#ctp20"&gt;unsupported features and services&lt;/a&gt;</Recommendation>
      <AdditionalInformation></AdditionalInformation>
      <RuleSeverity>Medium</RuleSeverity>
      <FeatureParityRecommendationCategory>UnsupportedFeature</FeatureParityRecommendationCategory>
      <ImpactDetailText>
        For more details on Authentication in SQL Server, see &lt;a href="https://docs.microsoft.com/en-us/dotnet/framework/data/adonet/sql/authentication-in-sql-server"&gt;here.&lt;/a&gt;
        Users logged into databases using Windows or Active Directory Logins will no longer be able to connect to SQL Server on Linux.
      </ImpactDetailText>
    </RuleMetadata>

    <RuleMetadata>
      <RuleId>EBEA0692-166E-4BE1-BD2C-904E679F9D91</RuleId>
      <DisplayName>DBF0049</DisplayName>
      <Title>Extensible Key Management</Title>
      <Impact>Extensible Key Management is not available on Linux at this time.</Impact>
      <Recommendation>N/A</Recommendation>
      <AdditionalInformation>Refer to the &lt;a href="https://docs.microsoft.com/en-us/sql/linux/sql-server-linux-release-notes#ctp20"&gt;unsupported features and services&lt;/a&gt;</AdditionalInformation>
      <RuleSeverity>Medium</RuleSeverity>
      <FeatureParityRecommendationCategory>UnsupportedFeature</FeatureParityRecommendationCategory>
      <ImpactDetailText>
        For more details on Extensible Key Management(EKM) in SQL Server, see &lt;a href="https://docs.microsoft.com/en-us/sql/relational-databases/security/encryption/extensible-key-management-ekm"&gt;here.&lt;/a&gt;
        Databases with Extensible Key Management cannot be configured in SQL Server on Linux.
      </ImpactDetailText>
    </RuleMetadata>

    <RuleMetadata>
      <RuleId>6B60788B-E3BC-4EAC-9C3A-095F4B32550E</RuleId>
      <DisplayName>DBF0050</DisplayName>
      <Title>Certificates for SSL or TLS</Title>
      <Impact>Use of user-provided certificate for SSL or TLS is not available in SQL Server on Linux at this time.</Impact>
      <Recommendation>N/A</Recommendation>
      <AdditionalInformation>Refer to the &lt;a href="https://docs.microsoft.com/en-us/sql/linux/sql-server-linux-release-notes#ctp20"&gt;unsupported features and services&lt;/a&gt;</AdditionalInformation>
      <RuleSeverity>Medium</RuleSeverity>
      <FeatureParityRecommendationCategory>UnsupportedFeature</FeatureParityRecommendationCategory>
      <ImpactDetailText>
        SSL or TLS certificates cannot be enabled in SQL Server on Linux.
      </ImpactDetailText>
    </RuleMetadata>

    <RuleMetadata>
      <RuleId>63103AB5-12E8-47CC-9B1B-695F2080F0AF</RuleId>
      <DisplayName>DBF0051</DisplayName>
      <Title>SQL Server Browser Services</Title>
      <Impact>SQL Server Browser service is not available on Linux at this time.</Impact>
      <Recommendation>N/A</Recommendation>
      <AdditionalInformation>Refer to the &lt;a href="https://docs.microsoft.com/en-us/sql/linux/sql-server-linux-release-notes#ctp20"&gt;unsupported features and services&lt;/a&gt;</AdditionalInformation>
      <RuleSeverity>Medium</RuleSeverity>
      <FeatureParityRecommendationCategory>UnsupportedFeature</FeatureParityRecommendationCategory>
      <ImpactDetailText>For more details on SQL Server Browser Service, see &lt;a href="https://technet.microsoft.com/en-us/library/ms181087(v=sql.105).aspx"&gt;here.&lt;/a&gt; </ImpactDetailText>
    </RuleMetadata>

    <RuleMetadata>
      <RuleId>ACDED7E0-6EBF-473B-B854-F1605E23529A</RuleId>
      <DisplayName>DBF0052</DisplayName>
      <Title>SQL Server R Services (Standalone)</Title>
      <Impact>SQL Server R Services (Standalone) is not available on Linux at this time.</Impact>
      <Recommendation>N/A</Recommendation>
      <AdditionalInformation>Refer to the &lt;a href="https://docs.microsoft.com/en-us/sql/linux/sql-server-linux-release-notes#ctp20"&gt;unsupported features and services&lt;/a&gt;</AdditionalInformation>
      <RuleSeverity>Medium</RuleSeverity>
      <FeatureParityRecommendationCategory>UnsupportedFeature</FeatureParityRecommendationCategory>
      <ImpactDetailText>For more details on SQL Server R Services, see &lt;a href="https://docs.microsoft.com/en-us/sql/advanced-analytics/r/sql-server-r-services"&gt;here.&lt;/a&gt; </ImpactDetailText>
    </RuleMetadata>

    <RuleMetadata>
      <RuleId>5A57AA0B-676B-44D7-BCF6-2F622EB176B7</RuleId>
      <DisplayName>DBF0053</DisplayName>
      <Title>Stream Insight</Title>
      <Impact>StreamInsight for SQL Server on Linux is not available at this time.</Impact>
      <Recommendation>N/A</Recommendation>
      <AdditionalInformation>Refer to the &lt;a href="https://docs.microsoft.com/en-us/sql/linux/sql-server-linux-release-notes#ctp20"&gt;unsupported features and services&lt;/a&gt;</AdditionalInformation>
      <RuleSeverity>Medium</RuleSeverity>
      <FeatureParityRecommendationCategory>UnsupportedFeature</FeatureParityRecommendationCategory>
      <ImpactDetailText>For more details on SQL Server StreamInsight, see &lt;a href="https://msdn.microsoft.com/en-us/library/ee391416(v=sql.111).aspx"&gt;here.&lt;/a&gt; </ImpactDetailText>
    </RuleMetadata>

    <RuleMetadata>
      <RuleId>0E4434BF-A26C-4704-A066-156B87FBC6D3</RuleId>
      <DisplayName>DBF0054</DisplayName>
      <Title>SQL Server Analysis Services (SSAS)</Title>
      <Impact>SSAS for SQL Server on Linux is not available at this time.</Impact>
      <Recommendation>N/A</Recommendation>
      <AdditionalInformation>Refer to the &lt;a href="https://docs.microsoft.com/en-us/sql/linux/sql-server-linux-release-notes#ctp20"&gt;unsupported features and services&lt;/a&gt;</AdditionalInformation>
      <RuleSeverity>Medium</RuleSeverity>
      <FeatureParityRecommendationCategory>UnsupportedFeature</FeatureParityRecommendationCategory>
      <ImpactDetailText>For more details on SSAS, see &lt;a href="https://technet.microsoft.com/en-us/library/ms175609(v=sql.90).aspx"&gt;here.&lt;/a&gt; </ImpactDetailText>
    </RuleMetadata>

    <RuleMetadata>
      <RuleId>8B970767-B88F-4770-B70E-DC74FCCB4385</RuleId>
      <DisplayName>DBF0055</DisplayName>
      <Title>SQL Server Reporting Services (SSRS)</Title>
      <Impact>SSRS for SQL Server on Linux is not available at this time.</Impact>
      <Recommendation>N/A</Recommendation>
      <AdditionalInformation>Refer to the &lt;a href="https://docs.microsoft.com/en-us/sql/linux/sql-server-linux-release-notes#ctp20"&gt;unsupported features and services&lt;/a&gt;</AdditionalInformation>
      <RuleSeverity>Medium</RuleSeverity>
      <FeatureParityRecommendationCategory>UnsupportedFeature</FeatureParityRecommendationCategory>
      <ImpactDetailText>For more details on SSRS, see &lt;a href="https://docs.microsoft.com/en-us/sql/reporting-services/create-deploy-and-manage-mobile-and-paginated-reports"&gt;here.&lt;/a&gt; </ImpactDetailText>
    </RuleMetadata>

    <RuleMetadata>
      <RuleId>75466966-B401-4652-9563-B65AF01923B9</RuleId>
      <DisplayName>DBF0056</DisplayName>
      <Title>Data Quality Services (DQS)</Title>
      <Impact>DQS for SQL Server on Linux is not available at this time.</Impact>
      <Recommendation>N/A</Recommendation>
      <AdditionalInformation>Refer to the &lt;a href="https://docs.microsoft.com/en-us/sql/linux/sql-server-linux-release-notes#ctp20"&gt;unsupported features and services&lt;/a&gt;</AdditionalInformation>
      <RuleSeverity>Medium</RuleSeverity>
      <FeatureParityRecommendationCategory>UnsupportedFeature</FeatureParityRecommendationCategory>
      <ImpactDetailText>For more details on DQS, see &lt;a href="https://docs.microsoft.com/en-us/sql/data-quality-services/introduction-to-data-quality-services"&gt;here.&lt;/a&gt;</ImpactDetailText>
    </RuleMetadata>

    <RuleMetadata>
      <RuleId>6D809A99-9224-413B-BA24-6AB7BEC76798</RuleId>
      <DisplayName>DBF0057</DisplayName>
      <Title>Master Data Services (MDS)</Title>
      <Impact>MDS for SQL Server on Linux is not available at this time.</Impact>
      <Recommendation>N/A</Recommendation>
      <AdditionalInformation>Refer to the &lt;a href="https://docs.microsoft.com/en-us/sql/linux/sql-server-linux-release-notes#ctp20"&gt;unsupported features and services&lt;/a&gt;</AdditionalInformation>
      <RuleSeverity>Medium</RuleSeverity>
      <FeatureParityRecommendationCategory>UnsupportedFeature</FeatureParityRecommendationCategory>
      <ImpactDetailText>For more details on MDS, see &lt;a href="https://docs.microsoft.com/en-us/sql/master-data-services/master-data-services-installation-and-configuration"&gt;here.&lt;/a&gt;</ImpactDetailText>
    </RuleMetadata>

    <RuleMetadata>
      <RuleId>C32D99E0-22C6-49F2-A036-21E4BC0D2B84</RuleId>
      <DisplayName>DBF0058</DisplayName>
      <Title>SQL Server Replication on Linux</Title>
      <Impact>SQL Server Replication is not available on Linux at this time.</Impact>
      <Recommendation>N/A</Recommendation>
      <AdditionalInformation>Refer to the &lt;a href="https://docs.microsoft.com/en-us/sql/linux/sql-server-linux-release-notes#ctp20"&gt;unsupported features and services&lt;/a&gt;</AdditionalInformation>
      <RuleSeverity>Medium</RuleSeverity>
      <FeatureParityRecommendationCategory>UnsupportedFeature</FeatureParityRecommendationCategory>
      <ImpactDetailText>This database is part of a replication topology.</ImpactDetailText>
    </RuleMetadata>

    <RuleMetadata>
      <RuleId>81BA14C1-D27D-464A-9189-32C2DE5F0CC9</RuleId>
      <DisplayName>DBF0059</DisplayName>
      <Title>Stretch Database on SQL Server Linux</Title>
      <Impact>Stretch Database is not available on Linux at this time.</Impact>
      <Recommendation>N/A</Recommendation>
      <AdditionalInformation>Refer to the &lt;a href="https://docs.microsoft.com/en-us/sql/linux/sql-server-linux-release-notes#ctp20"&gt;unsupported features and services&lt;/a&gt;</AdditionalInformation>
      <RuleSeverity>Medium</RuleSeverity>
      <FeatureParityRecommendationCategory>UnsupportedFeature</FeatureParityRecommendationCategory>
      <ImpactDetailText>
        For more details on Stretch Database, see &lt;a href="https://docs.microsoft.com/en-us/sql/sql-server/stretch-database/stretch-database"&gt;here.&lt;/a&gt;
        This database cannot be stretched to Microsoft Azure Cloud.
      </ImpactDetailText>
    </RuleMetadata>

    <RuleMetadata>
      <RuleId>B50B7F37-5CCA-4FA8-A0AE-F53F6617AAE3</RuleId>
      <DisplayName>DBF0060</DisplayName>
      <Title>FileTables on SQL Server Linux</Title>
      <Impact>File tables are not available on Linux at this time.</Impact>
      <Recommendation>N/A</Recommendation>
      <AdditionalInformation>Refer to the &lt;a href="https://docs.microsoft.com/en-us/sql/linux/sql-server-linux-release-notes#ctp20"&gt;unsupported features and services&lt;/a&gt;</AdditionalInformation>
      <RuleSeverity>Medium</RuleSeverity>
      <FeatureParityRecommendationCategory>UnsupportedFeature</FeatureParityRecommendationCategory>
      <ImpactDetailText>
        For more details on FileTables, see &lt;a href="https://docs.microsoft.com/en-us/sql/relational-databases/blob/filetables-sql-server"&gt;here.&lt;/a&gt;
        FileTables will not be created, altered or dropped in Linux, therefore you cannot store files and documents in SQL Server FileTables.
      </ImpactDetailText>
    </RuleMetadata>

    <RuleMetadata>
      <RuleId>9CD2049E-8ADE-4244-8C78-1E7EA8E2F3E7</RuleId>
      <DisplayName>DBF0061</DisplayName>
      <Title>Database Mirroring in SQL Server on Linux</Title>
      <Impact>Database Mirroring is not available on Linux at this time.</Impact>
      <Recommendation>N/A</Recommendation>
      <AdditionalInformation>None</AdditionalInformation>
      <RuleSeverity>Medium</RuleSeverity>
      <FeatureParityRecommendationCategory>UnsupportedFeature</FeatureParityRecommendationCategory>
      <ImpactDetailText>
        For more details on Mirroring, see &lt;a href="https://docs.microsoft.com/en-us/sql/database-engine/database-mirroring/database-mirroring-sql-server"&gt;here.&lt;/a&gt;
        This database contains mirroring that will not be functional on Linux.
      </ImpactDetailText>
    </RuleMetadata>
  </RuleMetadataCollection>
</RuleMetadataStore>
